utc,method,round,purpose,allowed,requested_rows,ids_hash,ids,test_frozen
2026-09-25T09:41:58.324176+00:00,shared,0,validation,True,247,6aa8288cc1c20aed3c52035bc92a1a060004c0e0a5d93a7f3e5828f7aa100d12,96;101;110;134;145;148;158;197;205;230;239;304;313;319;322;323;324;344;425;427;428;457;465;471;493;556;568;611;626;633;652;669;676;692;719;722;742;763;770;805;817;867;869;875;889;924;960;1045;1064;1066;1075;1085;1088;1211;1222;1235;1239;1293;1311;1350;1356;1368;1383;1412;1421;1427;1431;1455;1501;1505;1558;1560;1589;1603;1648;1665;1699;1709;1713;1716;1772;1792;1796;1808;1934;1966;1989;1995;2010;2025;2065;2068;2087;2099;2139;2156;2176;2192;2227;2235;2264;2275;2286;2317;2326;2336;2339;2346;2373;2382;2428;2431;2441;2471;2516;2535;2616;2646;2651;2660;2663;2669;2671;2683;2696;2711;2712;2732;2748;2782;2799;2837;2841;2870;2879;2881;2892;2915;2931;2932;2935;2956;2971;2986;2988;2993;3003;3038;3047;3050;3058;3059;3063;3089;3097;3110;3111;3118;3182;3190;3204;3219;3221;3228;3276;3282;3284;3293;3336;3378;3380;3382;3440;3485;3491;3555;3578;3601;3635;3656;3694;3719;3726;3746;3751;3753;3762;3763;3790;3807;3813;3854;3870;3872;3908;3914;3928;3990;4000;4010;4037;4041;4069;4108;4131;4142;4211;4310;4325;4333;4340;4359;4370;4375;4389;4411;4467;4483;4497;4533;4546;4618;4620;4633;4634;4653;4684;4694;4697;4712;4721;4726;4753;4778;4799;4802;4859;4864;4885;4899;4906;4920;4925;4931;4935;4936;4949,False
2026-09-25T09:42:02.882761+00:00,hybrid_ensemble_latent,0,fit,True,333,431796eafada99c70b1bd7a5f4ff21bde5afa3f05bdb62b7a38b59dfe530b68b,31;42;43;48;51;56;90;105;119;122;137;144;156;162;164;170;176;177;181;184;198;221;231;251;268;269;281;295;298;303;308;398;405;407;430;438;459;482;488;489;510;518;526;529;564;570;585;589;591;604;637;667;671;675;691;703;723;739;757;766;773;806;829;833;842;846;902;926;943;946;961;963;991;995;996;1032;1055;1056;1065;1101;1137;1155;1170;1180;1185;1189;1191;1213;1226;1259;1265;1300;1316;1329;1339;1341;1354;1374;1385;1416;1448;1449;1474;1475;1480;1483;1496;1534;1539;1542;1546;1570;1575;1619;1635;1646;1652;1683;1689;1693;1708;1711;1721;1732;1776;1806;1813;1822;1871;1886;1893;1906;1919;1930;1936;1939;1947;1970;1980;2019;2034;2091;2102;2118;2130;2137;2145;2146;2154;2165;2171;2206;2223;2237;2252;2289;2290;2329;2332;2355;2362;2376;2377;2389;2406;2439;2443;2457;2461;2470;2510;2526;2547;2551;2553;2559;2574;2575;2587;2642;2678;2687;2734;2761;2768;2776;2785;2794;2800;2814;2817;2824;2878;2897;2899;2904;2919;2962;2964;2965;2975;2982;3025;3053;3067;3171;3172;3177;3185;3213;3218;3224;3232;3243;3261;3279;3313;3332;3339;3361;3362;3406;3420;3445;3448;3451;3457;3465;3466;3476;3483;3488;3503;3520;3527;3533;3546;3548;3549;3556;3566;3584;3586;3602;3605;3616;3667;3721;3755;3787;3837;3847;3857;3862;3877;3882;3901;3910;3915;3937;3966;3969;3999;4019;4039;4049;4072;4120;4140;4143;4158;4167;4169;4175;4190;4202;4203;4223;4228;4243;4258;4274;4282;4289;4329;4335;4344;4345;4347;4387;4390;4429;4441;4461;4470;4487;4496;4503;4531;4537;4540;4564;4572;4577;4586;4590;4613;4616;4645;4651;4657;4661;4677;4696;4702;4715;4720;4722;4769;4831;4856;4860;4867;4872;4888;4891;4903;4905;4929;4944;4945;4953;4967,False
2026-09-25T09:44:40.428393+00:00,kernel_ivr,1,fit,True,365,78927e25af92ee86cc8a96fbf37c4e99511739c0abc843c4ba4bf45cd3850546,31;42;43;48;51;56;90;105;119;122;137;144;156;162;164;170;176;177;181;184;198;221;231;251;268;269;281;295;298;303;308;398;405;407;430;438;459;482;488;489;510;518;526;529;564;570;585;589;591;604;637;667;671;675;691;703;723;739;757;766;773;799;806;829;833;842;846;902;926;943;946;947;961;963;964;969;991;995;996;1007;1011;1026;1032;1055;1056;1065;1101;1137;1155;1170;1180;1185;1189;1191;1213;1226;1259;1265;1300;1316;1329;1339;1341;1354;1374;1385;1416;1448;1449;1474;1475;1480;1483;1496;1534;1539;1542;1546;1570;1575;1584;1619;1634;1635;1646;1652;1683;1689;1693;1708;1711;1721;1732;1776;1806;1813;1822;1871;1886;1893;1906;1919;1930;1936;1939;1947;1970;1980;2019;2034;2091;2102;2118;2130;2137;2145;2146;2154;2165;2171;2206;2223;2237;2241;2252;2289;2290;2292;2328;2329;2332;2355;2362;2376;2377;2389;2406;2439;2443;2457;2461;2470;2510;2526;2547;2551;2553;2559;2574;2575;2587;2602;2642;2678;2684;2687;2734;2761;2768;2776;2785;2794;2800;2814;2817;2824;2847;2878;2897;2899;2904;2911;2919;2962;2964;2965;2975;2982;3022;3025;3049;3053;3056;3067;3072;3083;3132;3171;3172;3177;3185;3213;3218;3224;3232;3238;3243;3261;3279;3297;3313;3332;3339;3361;3362;3406;3419;3420;3429;3445;3448;3451;3457;3465;3466;3476;3483;3488;3503;3520;3527;3532;3533;3546;3548;3549;3556;3566;3584;3586;3589;3602;3605;3616;3667;3689;3721;3755;3787;3837;3847;3857;3862;3877;3882;3889;3901;3910;3915;3937;3939;3966;3969;3999;4019;4039;4049;4072;4120;4140;4143;4158;4167;4169;4175;4190;4202;4203;4223;4228;4243;4258;4274;4282;4289;4329;4335;4344;4345;4347;4387;4390;4429;4441;4461;4470;4487;4496;4503;4531;4537;4540;4564;4572;4577;4586;4590;4613;4616;4645;4651;4657;4661;4677;4696;4702;4715;4720;4722;4729;4769;4831;4856;4860;4867;4872;4888;4891;4903;4905;4929;4944;4945;4953;4967,False
2026-09-25T09:47:41.850491+00:00,hybrid_ensemble_latent,1,fit,True,365,783e15ddc5358d728e231be2203908fb58fb2ac7956f34349b38401d36002c55,31;42;43;48;51;56;90;105;119;122;137;144;156;162;164;170;176;177;181;184;198;221;231;234;251;268;269;281;295;298;303;308;381;398;405;407;430;438;459;482;488;489;510;518;526;529;564;570;585;589;591;598;604;637;649;667;671;675;691;703;723;739;757;766;773;806;829;833;842;846;902;926;943;946;961;963;982;991;995;996;1032;1055;1056;1065;1101;1137;1155;1170;1180;1185;1189;1191;1208;1213;1226;1259;1265;1300;1316;1329;1339;1341;1354;1374;1385;1416;1448;1449;1474;1475;1480;1483;1496;1534;1539;1542;1546;1570;1575;1619;1635;1646;1652;1683;1689;1693;1708;1711;1721;1723;1732;1776;1795;1806;1813;1822;1871;1886;1893;1906;1919;1930;1936;1939;1947;1970;1980;2019;2034;2091;2102;2118;2130;2137;2141;2145;2146;2154;2165;2171;2206;2223;2237;2252;2287;2289;2290;2329;2332;2355;2362;2376;2377;2389;2406;2419;2439;2443;2457;2461;2470;2503;2510;2520;2526;2529;2541;2547;2551;2553;2559;2565;2567;2574;2575;2587;2615;2642;2678;2687;2734;2761;2768;2776;2785;2794;2800;2814;2817;2824;2878;2897;2899;2904;2919;2962;2964;2965;2975;2982;3025;3053;3067;3105;3171;3172;3177;3179;3185;3213;3218;3224;3232;3243;3261;3279;3313;3316;3332;3339;3361;3362;3400;3406;3416;3420;3445;3448;3451;3457;3465;3466;3476;3483;3488;3494;3503;3520;3527;3533;3546;3548;3549;3556;3566;3584;3586;3602;3605;3616;3659;3667;3721;3755;3787;3837;3843;3847;3857;3862;3877;3882;3901;3910;3915;3937;3966;3969;3999;4019;4039;4049;4072;4111;4120;4140;4143;4158;4167;4169;4175;4190;4202;4203;4223;4228;4243;4258;4274;4282;4285;4289;4329;4335;4336;4344;4345;4347;4387;4390;4429;4441;4461;4470;4487;4496;4503;4531;4537;4540;4564;4572;4577;4586;4590;4613;4616;4626;4645;4651;4657;4661;4677;4696;4702;4715;4720;4722;4725;4769;4806;4831;4856;4860;4867;4872;4888;4891;4903;4905;4929;4944;4945;4953;4967,False
2026-09-25T09:49:14.743114+00:00,hybrid_ensemble_latent,1,fit,True,365,783e15ddc5358d728e231be2203908fb58fb2ac7956f34349b38401d36002c55,31;42;43;48;51;56;90;105;119;122;137;144;156;162;164;170;176;177;181;184;198;221;231;234;251;268;269;281;295;298;303;308;381;398;405;407;430;438;459;482;488;489;510;518;526;529;564;570;585;589;591;598;604;637;649;667;671;675;691;703;723;739;757;766;773;806;829;833;842;846;902;926;943;946;961;963;982;991;995;996;1032;1055;1056;1065;1101;1137;1155;1170;1180;1185;1189;1191;1208;1213;1226;1259;1265;1300;1316;1329;1339;1341;1354;1374;1385;1416;1448;1449;1474;1475;1480;1483;1496;1534;1539;1542;1546;1570;1575;1619;1635;1646;1652;1683;1689;1693;1708;1711;1721;1723;1732;1776;1795;1806;1813;1822;1871;1886;1893;1906;1919;1930;1936;1939;1947;1970;1980;2019;2034;2091;2102;2118;2130;2137;2141;2145;2146;2154;2165;2171;2206;2223;2237;2252;2287;2289;2290;2329;2332;2355;2362;2376;2377;2389;2406;2419;2439;2443;2457;2461;2470;2503;2510;2520;2526;2529;2541;2547;2551;2553;2559;2565;2567;2574;2575;2587;2615;2642;2678;2687;2734;2761;2768;2776;2785;2794;2800;2814;2817;2824;2878;2897;2899;2904;2919;2962;2964;2965;2975;2982;3025;3053;3067;3105;3171;3172;3177;3179;3185;3213;3218;3224;3232;3243;3261;3279;3313;3316;3332;3339;3361;3362;3400;3406;3416;3420;3445;3448;3451;3457;3465;3466;3476;3483;3488;3494;3503;3520;3527;3533;3546;3548;3549;3556;3566;3584;3586;3602;3605;3616;3659;3667;3721;3755;3787;3837;3843;3847;3857;3862;3877;3882;3901;3910;3915;3937;3966;3969;3999;4019;4039;4049;4072;4111;4120;4140;4143;4158;4167;4169;4175;4190;4202;4203;4223;4228;4243;4258;4274;4282;4285;4289;4329;4335;4336;4344;4345;4347;4387;4390;4429;4441;4461;4470;4487;4496;4503;4531;4537;4540;4564;4572;4577;4586;4590;4613;4616;4626;4645;4651;4657;4661;4677;4696;4702;4715;4720;4722;4725;4769;4806;4831;4856;4860;4867;4872;4888;4891;4903;4905;4929;4944;4945;4953;4967,False
2026-09-25T09:55:05.887909+00:00,kernel_ivr,2,fit,True,397,930d5172824416100ccd371782e1104bfeb0b82bcaf43f89b64195869b929010,31;42;43;48;51;56;87;90;105;119;122;137;144;156;162;164;170;176;177;181;184;198;221;231;251;268;269;281;295;298;303;308;392;398;405;407;430;438;440;459;467;482;488;489;510;518;526;529;564;570;582;585;588;589;591;604;637;667;671;675;691;703;723;739;757;766;773;799;806;829;833;835;842;846;874;902;926;943;946;947;961;963;964;969;976;991;995;996;1007;1011;1026;1032;1055;1056;1059;1065;1089;1101;1137;1155;1170;1180;1185;1189;1191;1213;1226;1259;1265;1300;1316;1329;1339;1341;1354;1374;1385;1416;1448;1449;1474;1475;1480;1483;1496;1534;1539;1542;1546;1570;1575;1584;1619;1634;1635;1646;1652;1683;1689;1693;1708;1711;1721;1732;1776;1806;1813;1822;1871;1886;1893;1906;1919;1930;1936;1939;1947;1970;1980;2019;2031;2034;2091;2102;2118;2130;2137;2145;2146;2154;2165;2171;2206;2212;2223;2237;2241;2252;2289;2290;2292;2328;2329;2332;2355;2362;2376;2377;2389;2406;2439;2443;2457;2461;2470;2497;2510;2523;2526;2547;2551;2553;2559;2574;2575;2587;2602;2642;2664;2674;2678;2684;2687;2701;2725;2734;2761;2768;2776;2785;2794;2800;2814;2817;2824;2847;2878;2897;2899;2904;2911;2919;2934;2962;2964;2965;2975;2982;3022;3025;3049;3053;3056;3066;3067;3072;3083;3086;3129;3132;3134;3171;3172;3177;3183;3185;3213;3218;3224;3232;3238;3243;3261;3279;3297;3313;3332;3339;3361;3362;3406;3419;3420;3429;3442;3445;3448;3451;3457;3465;3466;3476;3483;3488;3503;3519;3520;3527;3532;3533;3546;3548;3549;3556;3566;3584;3586;3589;3602;3605;3616;3653;3667;3689;3716;3721;3738;3755;3787;3837;3847;3857;3862;3877;3882;3889;3901;3910;3915;3937;3939;3966;3969;3999;4019;4039;4049;4072;4120;4140;4143;4158;4167;4169;4175;4190;4202;4203;4223;4228;4243;4258;4274;4282;4289;4329;4335;4344;4345;4347;4387;4390;4429;4441;4461;4470;4487;4496;4503;4531;4537;4540;4564;4572;4577;4586;4590;4613;4616;4645;4651;4657;4661;4677;4696;4702;4715;4720;4722;4729;4769;4831;4856;4860;4867;4872;4873;4877;4888;4891;4903;4905;4929;4944;4945;4953;4967,False
2026-09-25T10:00:47.596083+00:00,hybrid_ensemble_latent,2,fit,True,397,7676cd2148f4977c1b9d6b9fcd3f7f9e8b59133b5a711b90f86125a2aa2ec2cd,31;42;43;48;51;56;90;105;119;122;137;144;156;162;164;170;176;177;181;184;198;221;231;234;251;268;269;281;295;298;303;308;381;398;405;407;430;434;438;459;482;488;489;505;510;518;526;529;564;570;585;589;591;598;604;637;649;667;671;675;691;703;723;739;757;766;773;806;829;833;842;846;902;926;934;943;946;961;963;982;991;995;996;1007;1032;1055;1056;1065;1086;1101;1137;1155;1170;1180;1185;1189;1191;1208;1213;1226;1259;1265;1300;1302;1316;1329;1332;1339;1341;1354;1374;1385;1416;1448;1449;1474;1475;1480;1483;1496;1534;1539;1542;1546;1570;1575;1619;1635;1646;1652;1683;1689;1693;1708;1711;1721;1723;1732;1734;1776;1795;1806;1813;1822;1827;1871;1886;1893;1906;1919;1930;1936;1939;1947;1970;1980;2019;2034;2091;2102;2118;2130;2137;2141;2145;2146;2154;2165;2171;2184;2194;2199;2206;2223;2237;2252;2268;2287;2289;2290;2329;2332;2355;2362;2376;2377;2389;2406;2419;2439;2443;2457;2461;2470;2503;2504;2510;2520;2524;2526;2529;2541;2547;2551;2553;2559;2565;2567;2574;2575;2587;2615;2642;2658;2678;2687;2688;2734;2761;2768;2776;2785;2791;2794;2800;2814;2817;2824;2869;2878;2897;2899;2904;2919;2949;2955;2962;2964;2965;2975;2982;3025;3053;3067;3105;3171;3172;3177;3179;3185;3213;3218;3224;3232;3243;3261;3279;3313;3316;3332;3339;3361;3362;3400;3406;3416;3420;3445;3448;3451;3457;3465;3466;3469;3476;3483;3487;3488;3494;3503;3520;3527;3533;3546;3548;3549;3556;3566;3568;3584;3586;3602;3605;3616;3659;3667;3699;3721;3755;3787;3837;3843;3847;3857;3862;3877;3882;3901;3910;3915;3937;3948;3966;3969;3977;3999;4019;4039;4049;4072;4088;4099;4111;4120;4140;4143;4158;4167;4169;4175;4190;4202;4203;4223;4228;4243;4258;4274;4282;4285;4289;4329;4335;4336;4344;4345;4347;4387;4390;4429;4441;4461;4470;4487;4496;4503;4531;4537;4540;4564;4572;4577;4586;4590;4613;4616;4626;4645;4651;4657;4661;4677;4683;4696;4702;4715;4720;4722;4724;4725;4769;4806;4831;4856;4860;4867;4872;4888;4891;4903;4905;4929;4932;4944;4945;4953;4967,False
2026-09-25T10:04:02.695728+00:00,hybrid_ensemble_latent,2,fit,True,397,7676cd2148f4977c1b9d6b9fcd3f7f9e8b59133b5a711b90f86125a2aa2ec2cd,31;42;43;48;51;56;90;105;119;122;137;144;156;162;164;170;176;177;181;184;198;221;231;234;251;268;269;281;295;298;303;308;381;398;405;407;430;434;438;459;482;488;489;505;510;518;526;529;564;570;585;589;591;598;604;637;649;667;671;675;691;703;723;739;757;766;773;806;829;833;842;846;902;926;934;943;946;961;963;982;991;995;996;1007;1032;1055;1056;1065;1086;1101;1137;1155;1170;1180;1185;1189;1191;1208;1213;1226;1259;1265;1300;1302;1316;1329;1332;1339;1341;1354;1374;1385;1416;1448;1449;1474;1475;1480;1483;1496;1534;1539;1542;1546;1570;1575;1619;1635;1646;1652;1683;1689;1693;1708;1711;1721;1723;1732;1734;1776;1795;1806;1813;1822;1827;1871;1886;1893;1906;1919;1930;1936;1939;1947;1970;1980;2019;2034;2091;2102;2118;2130;2137;2141;2145;2146;2154;2165;2171;2184;2194;2199;2206;2223;2237;2252;2268;2287;2289;2290;2329;2332;2355;2362;2376;2377;2389;2406;2419;2439;2443;2457;2461;2470;2503;2504;2510;2520;2524;2526;2529;2541;2547;2551;2553;2559;2565;2567;2574;2575;2587;2615;2642;2658;2678;2687;2688;2734;2761;2768;2776;2785;2791;2794;2800;2814;2817;2824;2869;2878;2897;2899;2904;2919;2949;2955;2962;2964;2965;2975;2982;3025;3053;3067;3105;3171;3172;3177;3179;3185;3213;3218;3224;3232;3243;3261;3279;3313;3316;3332;3339;3361;3362;3400;3406;3416;3420;3445;3448;3451;3457;3465;3466;3469;3476;3483;3487;3488;3494;3503;3520;3527;3533;3546;3548;3549;3556;3566;3568;3584;3586;3602;3605;3616;3659;3667;3699;3721;3755;3787;3837;3843;3847;3857;3862;3877;3882;3901;3910;3915;3937;3948;3966;3969;3977;3999;4019;4039;4049;4072;4088;4099;4111;4120;4140;4143;4158;4167;4169;4175;4190;4202;4203;4223;4228;4243;4258;4274;4282;4285;4289;4329;4335;4336;4344;4345;4347;4387;4390;4429;4441;4461;4470;4487;4496;4503;4531;4537;4540;4564;4572;4577;4586;4590;4613;4616;4626;4645;4651;4657;4661;4677;4683;4696;4702;4715;4720;4722;4724;4725;4769;4806;4831;4856;4860;4867;4872;4888;4891;4903;4905;4929;4932;4944;4945;4953;4967,False
2026-09-25T10:09:07.535965+00:00,kernel_ivr,3,fit,True,429,7deb07df645fbd24adf847019c3ea5d56fbf64ec81d9fe41bedaeddffa5c6599,31;42;43;48;51;56;87;90;105;119;122;137;144;156;162;164;170;176;177;181;184;198;221;231;251;268;269;281;295;298;303;308;392;398;405;407;430;438;440;459;467;482;488;489;510;518;526;529;564;570;582;585;588;589;591;604;637;649;667;671;675;691;703;723;739;757;766;773;799;806;829;833;835;842;844;846;857;874;902;926;929;943;946;947;948;961;963;964;969;976;991;995;996;1007;1011;1016;1021;1025;1026;1032;1055;1056;1059;1065;1084;1089;1101;1137;1155;1170;1180;1185;1189;1191;1213;1226;1259;1265;1300;1316;1329;1339;1341;1354;1374;1385;1406;1416;1448;1449;1474;1475;1480;1483;1496;1534;1539;1542;1546;1570;1575;1584;1614;1619;1634;1635;1646;1652;1683;1689;1693;1708;1711;1721;1732;1776;1806;1813;1822;1871;1886;1893;1906;1919;1930;1936;1939;1947;1970;1980;1992;2019;2031;2034;2091;2102;2104;2118;2130;2137;2145;2146;2154;2165;2171;2206;2212;2218;2223;2237;2238;2241;2252;2289;2290;2292;2328;2329;2332;2355;2362;2376;2377;2389;2406;2439;2443;2457;2461;2470;2497;2510;2523;2526;2547;2551;2553;2559;2574;2575;2587;2602;2639;2642;2664;2674;2678;2684;2687;2701;2725;2734;2761;2768;2776;2785;2794;2797;2800;2814;2817;2824;2847;2878;2897;2899;2904;2911;2919;2934;2962;2964;2965;2967;2975;2982;3022;3025;3049;3053;3056;3066;3067;3072;3083;3086;3129;3132;3134;3148;3171;3172;3177;3183;3185;3213;3218;3224;3226;3232;3238;3243;3261;3279;3297;3313;3332;3339;3347;3361;3362;3367;3406;3419;3420;3429;3442;3445;3448;3451;3457;3465;3466;3476;3483;3488;3503;3519;3520;3527;3532;3533;3546;3548;3549;3556;3566;3570;3582;3584;3586;3589;3602;3605;3616;3653;3667;3671;3689;3716;3721;3738;3752;3755;3787;3802;3837;3847;3857;3862;3877;3882;3889;3901;3910;3915;3937;3939;3966;3969;3999;4019;4039;4049;4072;4120;4140;4143;4158;4167;4169;4175;4190;4202;4203;4223;4228;4243;4258;4263;4274;4282;4289;4329;4335;4344;4345;4347;4387;4390;4429;4441;4461;4470;4487;4496;4503;4531;4537;4540;4564;4572;4577;4586;4590;4613;4616;4645;4651;4657;4661;4677;4696;4702;4715;4720;4722;4729;4756;4761;4769;4831;4841;4856;4860;4867;4872;4873;4877;4888;4891;4903;4905;4929;4944;4945;4953;4963;4967,False
2026-09-25T10:13:16.157492+00:00,hybrid_ensemble_latent,3,fit,True,429,5b101e559ae98fcc52123765e3095e559aa24830f92c3ca43ea7d192de112b8e,15;31;42;43;48;51;56;87;90;105;119;122;123;137;144;156;162;164;170;176;177;181;184;198;221;231;234;251;262;268;269;281;295;298;303;308;381;398;405;407;430;434;438;459;482;488;489;505;510;518;526;529;564;570;585;589;591;598;604;637;649;667;671;675;691;703;723;739;755;757;766;773;806;829;833;842;846;902;926;934;937;943;946;961;963;982;991;995;996;1007;1032;1055;1056;1065;1086;1101;1137;1155;1170;1180;1185;1189;1191;1208;1213;1217;1226;1259;1265;1300;1302;1316;1329;1332;1336;1339;1341;1354;1374;1385;1406;1416;1448;1449;1453;1474;1475;1480;1483;1496;1534;1536;1539;1542;1546;1570;1575;1606;1619;1635;1641;1646;1652;1683;1689;1693;1708;1711;1721;1723;1732;1734;1776;1795;1806;1813;1822;1827;1871;1886;1889;1893;1906;1919;1930;1933;1936;1939;1947;1970;1980;2019;2034;2091;2102;2118;2130;2137;2141;2145;2146;2154;2165;2171;2184;2194;2199;2201;2206;2209;2223;2234;2237;2252;2268;2287;2289;2290;2329;2332;2355;2362;2376;2377;2389;2406;2419;2439;2443;2457;2461;2470;2489;2503;2504;2510;2520;2524;2526;2529;2541;2544;2547;2551;2553;2559;2565;2567;2574;2575;2587;2598;2615;2642;2658;2667;2678;2687;2688;2692;2734;2761;2768;2776;2785;2791;2794;2800;2814;2817;2824;2869;2878;2897;2899;2904;2919;2924;2949;2955;2962;2964;2965;2975;2982;3025;3053;3067;3105;3171;3172;3177;3179;3185;3213;3218;3224;3232;3243;3261;3279;3313;3316;3325;3332;3339;3361;3362;3400;3406;3416;3420;3445;3448;3451;3457;3465;3466;3469;3476;3483;3487;3488;3494;3503;3520;3527;3533;3535;3546;3548;3549;3556;3566;3568;3584;3586;3602;3605;3616;3624;3643;3659;3667;3699;3721;3755;3787;3837;3843;3847;3857;3862;3877;3882;3901;3910;3915;3937;3948;3966;3969;3977;3999;4019;4039;4049;4072;4088;4099;4111;4120;4140;4143;4158;4167;4169;4175;4190;4202;4203;4220;4223;4228;4232;4243;4258;4274;4282;4285;4289;4329;4335;4336;4344;4345;4347;4387;4390;4429;4441;4461;4470;4487;4496;4503;4531;4537;4540;4564;4572;4577;4586;4590;4613;4616;4626;4645;4651;4657;4661;4677;4683;4696;4702;4715;4720;4722;4724;4725;4769;4781;4806;4831;4856;4860;4867;4872;4888;4891;4903;4905;4911;4929;4932;4944;4945;4953;4967,False
2026-09-25T10:16:15.384106+00:00,hybrid_ensemble_latent,3,fit,True,429,5b101e559ae98fcc52123765e3095e559aa24830f92c3ca43ea7d192de112b8e,15;31;42;43;48;51;56;87;90;105;119;122;123;137;144;156;162;164;170;176;177;181;184;198;221;231;234;251;262;268;269;281;295;298;303;308;381;398;405;407;430;434;438;459;482;488;489;505;510;518;526;529;564;570;585;589;591;598;604;637;649;667;671;675;691;703;723;739;755;757;766;773;806;829;833;842;846;902;926;934;937;943;946;961;963;982;991;995;996;1007;1032;1055;1056;1065;1086;1101;1137;1155;1170;1180;1185;1189;1191;1208;1213;1217;1226;1259;1265;1300;1302;1316;1329;1332;1336;1339;1341;1354;1374;1385;1406;1416;1448;1449;1453;1474;1475;1480;1483;1496;1534;1536;1539;1542;1546;1570;1575;1606;1619;1635;1641;1646;1652;1683;1689;1693;1708;1711;1721;1723;1732;1734;1776;1795;1806;1813;1822;1827;1871;1886;1889;1893;1906;1919;1930;1933;1936;1939;1947;1970;1980;2019;2034;2091;2102;2118;2130;2137;2141;2145;2146;2154;2165;2171;2184;2194;2199;2201;2206;2209;2223;2234;2237;2252;2268;2287;2289;2290;2329;2332;2355;2362;2376;2377;2389;2406;2419;2439;2443;2457;2461;2470;2489;2503;2504;2510;2520;2524;2526;2529;2541;2544;2547;2551;2553;2559;2565;2567;2574;2575;2587;2598;2615;2642;2658;2667;2678;2687;2688;2692;2734;2761;2768;2776;2785;2791;2794;2800;2814;2817;2824;2869;2878;2897;2899;2904;2919;2924;2949;2955;2962;2964;2965;2975;2982;3025;3053;3067;3105;3171;3172;3177;3179;3185;3213;3218;3224;3232;3243;3261;3279;3313;3316;3325;3332;3339;3361;3362;3400;3406;3416;3420;3445;3448;3451;3457;3465;3466;3469;3476;3483;3487;3488;3494;3503;3520;3527;3533;3535;3546;3548;3549;3556;3566;3568;3584;3586;3602;3605;3616;3624;3643;3659;3667;3699;3721;3755;3787;3837;3843;3847;3857;3862;3877;3882;3901;3910;3915;3937;3948;3966;3969;3977;3999;4019;4039;4049;4072;4088;4099;4111;4120;4140;4143;4158;4167;4169;4175;4190;4202;4203;4220;4223;4228;4232;4243;4258;4274;4282;4285;4289;4329;4335;4336;4344;4345;4347;4387;4390;4429;4441;4461;4470;4487;4496;4503;4531;4537;4540;4564;4572;4577;4586;4590;4613;4616;4626;4645;4651;4657;4661;4677;4683;4696;4702;4715;4720;4722;4724;4725;4769;4781;4806;4831;4856;4860;4867;4872;4888;4891;4903;4905;4911;4929;4932;4944;4945;4953;4967,False
2026-09-25T10:20:39.985916+00:00,kernel_ivr,4,fit,True,461,575bde69402d9d1a73853d7805eb8fb0a43bde8619245f98cbeaeea962716b13,19;31;42;43;48;51;56;87;90;105;119;122;137;144;156;162;164;170;176;177;181;184;198;221;231;251;268;269;281;295;298;303;308;392;398;405;407;430;438;440;459;467;476;482;488;489;510;518;523;526;529;564;570;582;585;588;589;591;604;637;649;667;671;675;689;691;703;723;739;757;766;773;799;806;829;833;835;842;844;846;857;874;902;926;929;931;943;946;947;948;961;963;964;969;976;991;995;996;1007;1011;1016;1021;1025;1026;1032;1049;1055;1056;1059;1065;1079;1082;1084;1089;1098;1101;1137;1155;1170;1180;1185;1189;1191;1213;1226;1259;1265;1300;1316;1329;1339;1341;1354;1374;1385;1406;1416;1448;1449;1474;1475;1480;1483;1496;1534;1539;1542;1546;1570;1575;1584;1614;1619;1634;1635;1646;1652;1683;1689;1693;1708;1711;1721;1732;1737;1776;1803;1806;1813;1822;1871;1886;1893;1906;1919;1930;1936;1939;1947;1970;1980;1992;2019;2031;2034;2091;2102;2104;2118;2130;2137;2145;2146;2154;2165;2171;2197;2206;2212;2218;2223;2237;2238;2241;2252;2289;2290;2292;2328;2329;2332;2355;2362;2376;2377;2389;2406;2439;2443;2457;2461;2470;2497;2510;2523;2526;2529;2547;2551;2553;2559;2574;2575;2587;2602;2639;2642;2644;2664;2674;2678;2684;2687;2701;2703;2725;2734;2761;2768;2776;2785;2794;2797;2800;2814;2817;2824;2847;2878;2897;2899;2904;2911;2919;2934;2952;2954;2962;2964;2965;2967;2975;2982;3022;3025;3049;3053;3056;3066;3067;3072;3083;3086;3129;3132;3134;3148;3171;3172;3177;3183;3185;3213;3218;3224;3226;3231;3232;3238;3243;3261;3279;3297;3313;3332;3339;3347;3361;3362;3367;3375;3390;3399;3401;3406;3417;3419;3420;3429;3442;3445;3448;3451;3457;3465;3466;3476;3483;3488;3503;3519;3520;3524;3527;3532;3533;3546;3548;3549;3556;3566;3570;3574;3582;3584;3586;3589;3596;3602;3605;3616;3653;3667;3671;3689;3716;3721;3735;3738;3752;3755;3787;3802;3837;3847;3857;3862;3877;3882;3889;3901;3910;3915;3937;3939;3953;3966;3969;3999;4019;4039;4049;4072;4120;4140;4143;4158;4167;4169;4175;4190;4202;4203;4223;4228;4243;4258;4259;4263;4274;4282;4285;4289;4329;4335;4344;4345;4347;4360;4387;4390;4429;4441;4461;4470;4487;4496;4503;4531;4537;4540;4564;4572;4577;4586;4590;4613;4616;4645;4651;4657;4661;4677;4696;4702;4715;4720;4722;4729;4756;4761;4769;4831;4841;4856;4860;4867;4872;4873;4877;4888;4891;4903;4905;4929;4938;4944;4945;4953;4963;4967,False
2026-09-25T10:24:00.857692+00:00,hybrid_ensemble_latent,4,fit,True,461,7b14afae0bfa4152d33a90b0eafb1193f571703f5d38c8993a4994daf6c8a9fa,15;19;31;42;43;48;51;56;87;90;105;119;122;123;137;144;156;162;164;170;176;177;181;184;198;221;231;234;251;262;268;269;281;295;298;303;308;381;398;405;407;430;434;438;444;459;482;488;489;505;510;518;526;529;564;566;570;585;589;591;598;604;637;649;661;667;671;675;688;691;703;723;739;755;757;766;773;806;829;833;842;846;902;926;934;937;943;946;961;963;982;991;995;996;1005;1007;1032;1055;1056;1065;1086;1101;1137;1155;1170;1180;1185;1189;1191;1208;1213;1217;1226;1227;1259;1265;1300;1302;1316;1329;1332;1336;1339;1341;1354;1374;1385;1406;1416;1448;1449;1453;1474;1475;1480;1483;1496;1534;1536;1539;1542;1546;1567;1570;1575;1606;1619;1635;1641;1646;1652;1683;1689;1693;1708;1711;1721;1723;1732;1734;1776;1795;1805;1806;1813;1822;1827;1871;1886;1889;1893;1906;1919;1930;1933;1936;1939;1947;1970;1972;1980;2003;2019;2034;2091;2102;2118;2130;2137;2141;2145;2146;2154;2165;2170;2171;2184;2194;2199;2201;2206;2209;2223;2234;2237;2248;2252;2268;2287;2289;2290;2329;2332;2355;2362;2376;2377;2389;2406;2419;2439;2443;2457;2461;2470;2489;2503;2504;2510;2520;2524;2526;2529;2541;2544;2547;2549;2551;2553;2559;2562;2565;2567;2574;2575;2587;2598;2615;2642;2658;2667;2678;2687;2688;2692;2709;2722;2734;2761;2768;2776;2785;2791;2792;2794;2800;2814;2817;2824;2869;2878;2897;2899;2904;2919;2924;2949;2955;2962;2964;2965;2975;2982;3025;3053;3056;3067;3105;3161;3164;3171;3172;3177;3179;3185;3213;3218;3224;3232;3243;3261;3279;3313;3316;3325;3332;3339;3361;3362;3400;3406;3416;3420;3445;3448;3451;3457;3465;3466;3469;3476;3483;3487;3488;3494;3503;3520;3527;3533;3535;3546;3548;3549;3556;3566;3568;3584;3586;3602;3605;3616;3624;3643;3659;3667;3699;3704;3721;3755;3787;3833;3837;3840;3843;3847;3857;3862;3877;3882;3901;3910;3915;3937;3948;3966;3969;3977;3983;3985;3999;4019;4021;4039;4049;4072;4088;4099;4111;4120;4140;4143;4158;4167;4169;4175;4190;4202;4203;4220;4223;4228;4232;4243;4258;4274;4282;4285;4289;4329;4335;4336;4339;4344;4345;4347;4387;4390;4405;4429;4435;4441;4461;4462;4470;4487;4496;4503;4531;4537;4540;4564;4572;4577;4586;4590;4613;4616;4626;4645;4651;4657;4661;4677;4683;4696;4702;4715;4720;4722;4724;4725;4765;4769;4781;4806;4831;4856;4860;4867;4872;4888;4891;4903;4905;4911;4929;4932;4944;4945;4953;4967,False
2026-09-25T10:26:20.165677+00:00,hybrid_ensemble_latent,4,fit,True,461,7b14afae0bfa4152d33a90b0eafb1193f571703f5d38c8993a4994daf6c8a9fa,15;19;31;42;43;48;51;56;87;90;105;119;122;123;137;144;156;162;164;170;176;177;181;184;198;221;231;234;251;262;268;269;281;295;298;303;308;381;398;405;407;430;434;438;444;459;482;488;489;505;510;518;526;529;564;566;570;585;589;591;598;604;637;649;661;667;671;675;688;691;703;723;739;755;757;766;773;806;829;833;842;846;902;926;934;937;943;946;961;963;982;991;995;996;1005;1007;1032;1055;1056;1065;1086;1101;1137;1155;1170;1180;1185;1189;1191;1208;1213;1217;1226;1227;1259;1265;1300;1302;1316;1329;1332;1336;1339;1341;1354;1374;1385;1406;1416;1448;1449;1453;1474;1475;1480;1483;1496;1534;1536;1539;1542;1546;1567;1570;1575;1606;1619;1635;1641;1646;1652;1683;1689;1693;1708;1711;1721;1723;1732;1734;1776;1795;1805;1806;1813;1822;1827;1871;1886;1889;1893;1906;1919;1930;1933;1936;1939;1947;1970;1972;1980;2003;2019;2034;2091;2102;2118;2130;2137;2141;2145;2146;2154;2165;2170;2171;2184;2194;2199;2201;2206;2209;2223;2234;2237;2248;2252;2268;2287;2289;2290;2329;2332;2355;2362;2376;2377;2389;2406;2419;2439;2443;2457;2461;2470;2489;2503;2504;2510;2520;2524;2526;2529;2541;2544;2547;2549;2551;2553;2559;2562;2565;2567;2574;2575;2587;2598;2615;2642;2658;2667;2678;2687;2688;2692;2709;2722;2734;2761;2768;2776;2785;2791;2792;2794;2800;2814;2817;2824;2869;2878;2897;2899;2904;2919;2924;2949;2955;2962;2964;2965;2975;2982;3025;3053;3056;3067;3105;3161;3164;3171;3172;3177;3179;3185;3213;3218;3224;3232;3243;3261;3279;3313;3316;3325;3332;3339;3361;3362;3400;3406;3416;3420;3445;3448;3451;3457;3465;3466;3469;3476;3483;3487;3488;3494;3503;3520;3527;3533;3535;3546;3548;3549;3556;3566;3568;3584;3586;3602;3605;3616;3624;3643;3659;3667;3699;3704;3721;3755;3787;3833;3837;3840;3843;3847;3857;3862;3877;3882;3901;3910;3915;3937;3948;3966;3969;3977;3983;3985;3999;4019;4021;4039;4049;4072;4088;4099;4111;4120;4140;4143;4158;4167;4169;4175;4190;4202;4203;4220;4223;4228;4232;4243;4258;4274;4282;4285;4289;4329;4335;4336;4339;4344;4345;4347;4387;4390;4405;4429;4435;4441;4461;4462;4470;4487;4496;4503;4531;4537;4540;4564;4572;4577;4586;4590;4613;4616;4626;4645;4651;4657;4661;4677;4683;4696;4702;4715;4720;4722;4724;4725;4765;4769;4781;4806;4831;4856;4860;4867;4872;4888;4891;4903;4905;4911;4929;4932;4944;4945;4953;4967,False
2026-09-25T10:30:23.878957+00:00,kernel_ivr,5,fit,True,493,cc58298a37f683c135f08ef210272d3a557059602a129232b3bc4725f5b1886f,19;31;42;43;48;51;56;87;90;105;119;122;137;144;156;162;164;170;176;177;181;184;198;221;231;234;251;268;269;281;295;298;303;308;311;392;398;405;407;430;438;440;459;467;476;482;488;489;505;510;518;523;526;529;564;570;582;585;588;589;591;604;637;649;667;671;675;689;691;703;723;739;748;757;766;773;799;806;829;833;835;842;844;846;857;874;902;926;929;931;936;943;946;947;948;961;963;964;969;976;991;995;996;1007;1011;1016;1021;1025;1026;1032;1049;1055;1056;1059;1065;1071;1074;1079;1082;1084;1089;1098;1101;1137;1155;1170;1176;1180;1185;1189;1191;1213;1226;1259;1265;1281;1300;1301;1316;1329;1339;1341;1354;1374;1385;1406;1411;1416;1448;1449;1474;1475;1480;1483;1496;1534;1539;1542;1546;1570;1575;1584;1614;1619;1634;1635;1646;1652;1683;1689;1693;1708;1711;1721;1732;1737;1776;1803;1806;1813;1822;1871;1881;1886;1888;1893;1906;1910;1919;1930;1936;1939;1947;1970;1980;1992;2019;2031;2034;2091;2102;2104;2118;2130;2133;2137;2145;2146;2154;2165;2171;2197;2206;2212;2218;2223;2237;2238;2241;2252;2289;2290;2292;2328;2329;2332;2355;2362;2376;2377;2384;2389;2406;2439;2443;2457;2461;2470;2493;2497;2510;2523;2526;2529;2547;2551;2553;2559;2574;2575;2587;2602;2605;2639;2642;2644;2657;2664;2674;2678;2684;2687;2701;2703;2725;2734;2739;2761;2768;2776;2785;2794;2797;2800;2814;2817;2820;2824;2838;2847;2851;2878;2897;2899;2904;2911;2919;2934;2952;2954;2962;2964;2965;2967;2975;2982;3022;3025;3049;3053;3056;3066;3067;3072;3083;3086;3129;3132;3134;3148;3171;3172;3177;3183;3185;3213;3218;3224;3226;3231;3232;3238;3243;3261;3279;3297;3313;3332;3339;3347;3361;3362;3367;3370;3375;3390;3399;3401;3406;3417;3419;3420;3429;3442;3445;3448;3451;3454;3457;3465;3466;3476;3483;3488;3503;3519;3520;3524;3527;3532;3533;3546;3548;3549;3556;3566;3570;3574;3582;3584;3586;3589;3596;3602;3605;3616;3653;3659;3667;3671;3689;3716;3721;3735;3738;3740;3752;3755;3758;3787;3802;3837;3847;3857;3862;3877;3882;3889;3901;3910;3913;3915;3937;3939;3953;3966;3969;3999;4019;4039;4049;4072;4120;4140;4143;4158;4167;4169;4175;4190;4202;4203;4223;4228;4243;4258;4259;4263;4274;4282;4285;4289;4298;4329;4335;4344;4345;4347;4360;4387;4390;4429;4441;4461;4470;4487;4496;4503;4531;4537;4540;4552;4564;4572;4577;4586;4590;4613;4616;4645;4651;4657;4661;4677;4696;4702;4715;4720;4722;4729;4756;4761;4769;4831;4841;4856;4860;4867;4872;4873;4877;4888;4891;4903;4905;4929;4938;4944;4945;4953;4963;4964;4967,False
2026-09-25T10:32:45.263750+00:00,hybrid_ensemble_latent,5,fit,True,493,ae70fc10a7b52cf8702cc6f0cbf12dffccd92f496722510acd374b02badcbe5e,15;19;31;42;43;48;51;56;87;90;105;119;122;123;137;144;156;162;164;170;176;177;181;184;198;221;226;231;234;251;262;268;269;281;295;298;303;308;325;381;398;405;407;430;434;438;444;459;482;488;489;505;510;518;526;529;561;564;566;570;585;589;591;598;604;637;649;661;666;667;671;675;688;691;703;718;723;739;755;757;766;773;806;814;829;833;842;846;902;926;934;937;943;946;961;963;982;991;995;996;1005;1007;1032;1055;1056;1065;1076;1086;1101;1137;1155;1170;1180;1185;1189;1191;1208;1213;1217;1226;1227;1259;1265;1294;1300;1302;1316;1329;1332;1336;1339;1341;1354;1374;1385;1406;1416;1448;1449;1453;1474;1475;1480;1483;1496;1534;1536;1539;1542;1546;1567;1570;1575;1606;1619;1635;1641;1646;1652;1668;1683;1689;1693;1708;1711;1721;1723;1732;1734;1770;1776;1795;1805;1806;1813;1822;1827;1850;1871;1886;1889;1893;1900;1906;1919;1930;1933;1936;1939;1947;1970;1972;1980;1996;2003;2019;2029;2034;2091;2102;2118;2130;2137;2141;2145;2146;2154;2165;2170;2171;2184;2194;2199;2201;2206;2209;2223;2234;2237;2248;2252;2268;2287;2289;2290;2308;2329;2332;2355;2362;2376;2377;2389;2406;2419;2439;2442;2443;2457;2461;2470;2489;2503;2504;2510;2520;2524;2526;2529;2536;2541;2544;2547;2549;2551;2553;2559;2562;2565;2567;2574;2575;2587;2598;2615;2642;2658;2667;2678;2687;2688;2692;2709;2722;2733;2734;2761;2768;2776;2785;2791;2792;2794;2800;2814;2817;2824;2869;2878;2894;2897;2899;2904;2919;2924;2949;2955;2962;2964;2965;2975;2980;2982;3025;3053;3056;3067;3105;3161;3164;3171;3172;3177;3179;3185;3213;3218;3224;3232;3243;3257;3261;3279;3313;3316;3325;3331;3332;3339;3361;3362;3400;3406;3416;3420;3433;3445;3448;3451;3457;3465;3466;3469;3476;3483;3487;3488;3494;3503;3520;3522;3527;3533;3535;3546;3548;3549;3556;3566;3568;3584;3586;3602;3605;3616;3624;3643;3659;3667;3699;3704;3721;3755;3787;3809;3833;3837;3840;3843;3847;3857;3862;3877;3882;3901;3910;3915;3937;3948;3966;3969;3977;3983;3985;3999;4019;4021;4023;4039;4047;4049;4072;4085;4088;4099;4111;4120;4140;4143;4158;4167;4169;4175;4190;4202;4203;4208;4220;4223;4228;4232;4243;4258;4274;4282;4285;4289;4329;4335;4336;4339;4344;4345;4347;4350;4387;4390;4405;4429;4435;4441;4461;4462;4470;4487;4496;4503;4531;4537;4540;4564;4572;4577;4586;4590;4611;4613;4616;4626;4645;4651;4657;4661;4677;4683;4696;4702;4715;4720;4722;4724;4725;4765;4769;4781;4806;4831;4856;4860;4865;4867;4872;4888;4891;4903;4905;4911;4929;4932;4944;4945;4953;4967,False
2026-09-25T10:36:14.645977+00:00,final_test,0,final_test,True,247,560a45f0bc37918978789ad0adc84db3b4f3da7ec39f6e4ea16b92efd10ff839,20;53;76;107;120;131;140;224;241;250;266;276;285;327;380;390;391;406;447;451;472;475;492;494;498;558;563;581;601;631;645;716;775;780;795;828;841;913;967;984;1003;1022;1042;1110;1111;1114;1122;1131;1148;1152;1200;1203;1238;1260;1262;1271;1275;1286;1330;1343;1365;1372;1376;1404;1425;1446;1447;1450;1481;1488;1517;1519;1549;1556;1581;1602;1605;1647;1675;1676;1691;1724;1727;1741;1802;1838;1839;1872;1878;1884;1898;1913;1932;1952;1968;1975;1982;2011;2020;2030;2033;2043;2050;2079;2108;2114;2148;2160;2166;2230;2270;2299;2333;2353;2383;2385;2404;2408;2432;2458;2479;2485;2515;2521;2545;2557;2560;2595;2604;2666;2689;2697;2719;2738;2743;2745;2760;2777;2793;2802;2808;2819;2874;2877;2906;2917;2920;2951;2966;2970;3011;3016;3044;3045;3090;3113;3115;3147;3155;3174;3187;3197;3202;3229;3262;3263;3317;3342;3343;3385;3410;3423;3432;3434;3444;3471;3486;3492;3521;3531;3534;3558;3611;3646;3649;3652;3654;3658;3669;3710;3724;3750;3829;3852;3917;3962;3982;3984;4004;4006;4008;4084;4109;4114;4125;4132;4159;4160;4168;4216;4219;4234;4252;4311;4323;4381;4404;4471;4473;4512;4542;4553;4562;4576;4635;4647;4654;4660;4667;4669;4681;4685;4705;4723;4733;4738;4741;4743;4744;4754;4771;4824;4869;4871;4886;4895;4954,True
