sample_index,central_prediction,full_gradient_norm,sketch_gradient_norm,truth,absolute_error,squared_error,arm,initialization_seed
96,7.652372360229492,742.3922691634162,780.3051545184909,7.39,0.2623724937438965,0.068839325473391,A,525
101,5.934304237365723,485.82409107545874,490.344490471156,13.509,7.574695587158203,57.37601323811396,A,525
110,8.90772533416748,738.9342596567271,712.7427314157262,3.55,5.357725381851196,28.705221267332547,A,525
134,7.679758071899414,742.73349345515,722.500347669587,3.8,3.87975811958313,15.052523066471224,A,525
145,9.160099029541016,851.3116111435867,878.1058524394297,11.62,2.4599008560180664,6.051112221438416,A,525
148,9.734512329101562,688.9639615294707,720.8376233399475,8.87,0.8645124435424805,0.7473817650397905,A,525
158,16.30974769592285,1137.1380913470118,1218.0753965218055,8.25,8.059747695922852,64.95953292193371,A,525
197,8.56027603149414,843.7854039574829,859.8252995238269,11.33,2.769723892211914,7.671370439089514,A,525
205,10.570405006408691,952.198856887754,921.6306010951168,11.8,1.229595184326172,1.5119043173181126,A,525
230,8.709126472473145,950.2763145649012,988.6536216855516,9.35,0.640873908996582,0.4107193672325593,A,525
239,6.341743469238281,780.6264326167639,759.004011782004,4.75,1.5917434692382812,2.533647271862719,A,525
304,10.455841064453123,797.5167727667284,776.0533945885097,10.5,0.044158935546875,0.001950011588633,A,525
313,19.865327835083008,1147.3685981602378,1126.4803052036673,9.4,10.465328216552734,109.52309468017484,A,525
319,5.363443374633789,570.9818071796926,568.9150583220948,11.95,6.586556434631348,43.38272566658361,A,525
322,12.977788925170898,1060.8781816765995,1098.1715798396322,5.84,7.137788772583008,50.94802856201204,A,525
323,12.106473922729492,1058.9053557114237,1096.6543746114032,8.56,3.546473503112793,12.577474308281126,A,525
324,13.369003295898438,917.0905882414952,983.0958322708684,9.76,3.6090030670166016,13.024903137735237,A,525
344,8.208786010742188,1712.884330891713,1648.4676587896847,5.529,2.679786205291748,7.181254106071947,A,525
425,10.45645523071289,1001.863106595834,1018.838335249968,12.2,1.743544578552246,3.039947697398929,A,525
427,14.602659225463867,1034.4886774640108,1060.8919799298908,12.2,2.4026594161987305,5.772772270248424,A,525
428,15.811148643493652,1249.4055685893404,1238.3780879343178,9.5,6.311148643493652,39.83059720027177,A,525
457,8.645852088928223,827.6843252538707,832.5743986857539,9.52,0.8741483688354492,0.7641353707376766,A,525
465,20.30398178100586,1032.0266323320454,993.3759057925272,13.7,6.603981971740723,43.61257788307648,A,525
471,5.670412063598633,437.70152111162827,426.3453453831848,15.2,9.529587745666504,90.8130426023572,A,525
493,10.036921501159668,974.156163844874,1000.8457696648348,8.49,1.546921730041504,2.3929668388745995,A,525
556,11.537243843078612,839.5466332189515,857.696648273299,15.4,3.86275577545166,14.920882180785156,A,525
568,8.327149391174316,723.2141133683051,707.5018442369036,11.75,3.422850608825684,11.715906290338353,A,525
611,4.193159103393555,263.86037724289054,270.7442336944606,16.31,12.116840362548828,146.81782037149242,A,525
626,19.44730758666992,867.1693936348429,863.694971121008,13.4848,5.962507247924805,35.55149268155583,A,525
633,12.90334129333496,1040.0901163769108,1089.947202496647,14.5,1.596658706665039,2.5493190255692757,A,525
652,15.054795265197754,754.2155060373062,742.3936661082154,18.84,3.7852048873901367,14.327776039522178,A,525
669,14.754985809326172,818.3969068717442,827.9204605328779,17.268,2.51301383972168,6.3152385586327,A,525
676,14.555278778076172,1168.6863901132244,1167.410866754208,17.8,3.244720458984375,10.528210856951771,A,525
692,18.173904418945312,1500.0460878892568,1510.0272741668166,18.1,0.0739040374755859,0.0054618067551928,A,525
719,12.163541793823242,1402.0087278490598,1408.631060818704,13.454,1.2904586791992188,1.6652836027205922,A,525
722,12.775592803955078,844.5935509273313,843.3764450610425,11.2,1.5755929946899414,2.4824932849160177,A,525
742,6.849148750305176,613.8559442868009,593.0922711290366,9.85,3.000851631164551,9.005110512262945,A,525
763,21.024084091186523,1447.6264317526716,1508.6847957573484,6.112,14.912084102630615,222.37025228392872,A,525
770,11.66667652130127,1147.5501224437971,1203.1618403824775,20.4,8.733323097229004,76.2709323205936,A,525
805,24.1055908203125,1205.1217428199077,1277.9836996102913,19.4,4.705591201782227,22.1425885582903,A,525
817,13.69321060180664,699.2604180232166,705.8848131817933,13.37,0.3232107162475586,0.1044651670972598,A,525
867,16.26129722595215,1165.1985263181728,1197.2135125038312,22.6,6.338703155517578,40.1791576937685,A,525
869,10.401476860046388,770.0287556177099,748.8226719578911,13.3,2.898523330688477,8.40143749854542,A,525
875,22.9187126159668,1454.4246575172265,1457.8854523715709,18.4,4.518712997436523,20.41876715320177,A,525
889,21.04070281982422,1077.890122796834,1089.3909460168663,19.92,1.1207027435302734,1.2559746393562818,A,525
924,12.139705657958984,939.9108013858976,992.959892270804,15.78,3.640294075012207,13.25174095256898,A,525
960,23.10470962524414,1172.2554459638968,1199.6796524054594,28.6,5.495290756225586,30.19822049545837,A,525
1045,15.660008430480955,614.1616483022458,619.1863267061159,38.24,22.57999324798584,509.8560950790861,A,525
1064,13.463138580322266,1314.1489608447018,1340.619218033744,45.7,32.23686218261719,1039.2152833810542,A,525
1066,15.86347770690918,1189.2677657021263,1211.9753152410622,46.0,30.13652229309082,908.20997592196,A,525
1075,14.359466552734377,1168.1166484600064,1166.4744427704925,13.275,1.0844669342041016,1.1760685313820431,A,525
1085,13.99058437347412,957.1931866310084,992.1681672257872,26.45,12.459416389465332,155.23705676607733,A,525
1088,17.69622039794922,1592.575497116624,1647.1795299486914,17.84,0.1437797546386718,0.0206726178439566,A,525
1211,12.922773361206056,840.739823690531,868.7771946819677,7.35,5.572773456573486,31.055803998290003,A,525
1222,6.005561828613281,596.1719484508702,592.085847095328,6.852,0.8464384078979492,0.7164579783648151,A,525
1235,8.283039093017578,776.8344350170255,789.8341373620764,10.6,2.3169612884521484,5.36830961218584,A,525
1239,10.136360168457031,608.6355446770583,618.6357258170736,10.6,0.4636402130126953,0.2149622471224574,A,525
1293,5.820326328277588,373.5458223835602,370.4970974135985,7.5546,1.7342734336853027,3.00770434278661,A,525
1311,8.07002067565918,643.5408093644193,648.1254364007123,5.3,2.7700204849243164,7.673013486900345,A,525
1350,11.32645034790039,618.9604298790031,584.4177175176632,7.77,3.556450366973877,12.648339212748624,A,525
1356,17.49758529663086,1450.2733219374925,1514.8827413654858,11.1,6.397584915161133,40.92909274669728,A,525
1368,7.970083236694336,808.2765703735743,783.5405638454134,10.0,2.029916763305664,4.120562065949343,A,525
1383,6.949338436126709,958.7608355498388,939.4817515245164,6.738,0.2113385200500488,0.0446639700569448,A,525
1412,7.1196136474609375,1138.1387236434543,1112.7173795022095,6.3145,0.8051137924194336,0.6482082187440028,A,525
1421,6.476994514465332,320.67958652763434,325.79870823519593,11.4,4.923005104064941,24.235979254649465,A,525
1427,8.530540466308594,659.2731805718491,655.9109963289586,11.46,2.929459571838379,8.581733383035498,A,525
1431,26.15710830688477,2018.8590059876503,2130.5196704958767,9.2,16.95710849761963,287.5435286000438,A,525
1455,8.303895950317383,836.5114073391217,818.4964228851995,5.8,2.5038957595825195,6.269493974855322,A,525
1501,5.85054874420166,349.15689574842264,342.3006355841435,7.6,1.7494511604309082,3.0605793627330518,A,525
1505,10.313777923583984,799.6003616682395,779.4969215978,10.722,0.4082221984863281,0.166645363337011,A,525
1558,15.647748947143556,1312.8155339999437,1393.8005606801569,9.945,5.702749252319336,32.521349034828745,A,525
1560,12.815446853637695,773.086335177709,776.1679695746117,9.08,3.7354469299316406,13.95356376633572,A,525
1589,10.627572059631348,560.6832168280382,565.8942813331943,6.075,4.552572250366211,20.725914094804462,A,525
1603,19.11611557006836,1101.5751680472345,1126.605616509392,14.29,4.826115608215332,23.291391863859644,A,525
1648,10.41706657409668,583.3491892438275,551.2662083609183,9.8,0.6170663833618164,0.3807709214752321,A,525
1665,8.70469856262207,668.535407663438,681.4474790793347,6.9,1.804698467254639,3.256936557711242,A,525
1699,8.218685150146484,812.4064105257739,816.15422211798,12.775,4.556314468383789,20.76000153480345,A,525
1709,10.815093040466309,623.3491759735875,633.9919202490455,10.43,0.3850927352905273,0.1482964147735401,A,525
1713,11.469928741455078,731.2562309434761,731.2491112189473,11.97,0.5000715255737305,0.2500715306896381,A,525
1716,11.32019329071045,919.9719769162668,935.4988459389492,8.96,2.360193252563477,5.570512189446163,A,525
1772,7.569179534912109,608.8994333351492,586.6516489217887,7.044,0.525179386138916,0.2758133876252486,A,525
1792,14.700028419494627,1299.9710009183027,1301.9611102560586,6.6,8.10002851486206,65.61046194157848,A,525
1796,15.063098907470703,686.7106480173583,727.4076375098379,13.2,1.8630990982055664,3.4711382497343948,A,525
1808,5.572189331054688,617.4783325328547,607.6933870699881,6.3,0.7278108596801758,0.5297086474683965,A,525
1934,24.642051696777344,1646.864767747119,1629.2151507401966,24.73,0.0879478454589843,0.0077348235208773,A,525
1966,23.528902053833008,1234.3568242508047,1320.5873226019155,16.2,7.328901290893555,53.71279413166121,A,525
1989,8.349676132202148,729.8503227746818,739.0534420310632,14.4,6.050323486328125,36.60641428921372,A,525
1995,26.52105712890625,1975.1144634823945,2028.1798280967964,15.396,11.125057220458984,123.76689815848658,A,525
2010,7.953823566436768,677.6636257583582,660.1935352699516,7.3,0.6538233757019043,0.4274850066142335,A,525
2025,7.656642436981201,601.8223362328066,604.5195720070487,5.55,2.106642246246338,4.437941553669816,A,525
2065,12.262256622314451,765.3955413957628,778.8639824536422,13.44,1.1777429580688477,1.3870784752807594,A,525
2068,7.781500816345215,532.1380894712022,505.7802724011885,8.9,1.1184988021850586,1.2510395704894108,A,525
2087,6.629334449768066,362.30490440415247,365.03347128711545,11.968,5.338665962219238,28.501354256158265,A,525
2099,9.855714797973633,580.2321896038941,538.8032499896948,9.0,0.8557147979736328,0.7322478154710552,A,525
2139,17.13570213317871,1112.9738404432744,1092.0378215398052,13.188,3.947702407836914,15.584354300841367,A,525
2156,6.638397693634033,261.85830736290893,255.1825287708178,17.7,11.06160306930542,122.35906246286709,A,525
2176,13.118925094604492,1108.7599969413995,1127.5099790911554,13.3,0.1810750961303711,0.0327881904386231,A,525
2192,13.38668155670166,1136.4873209368582,1115.402007835932,7.85,5.536681652069092,30.654843716358528,A,525
2227,5.115028381347656,457.2940488701714,458.78311288869696,17.8,12.68497085571289,160.90848561028542,A,525
2235,18.747882843017575,1772.6648618212814,1807.139576992284,9.54,9.20788288116455,84.78510715324319,A,525
2264,14.34524917602539,1096.9122012637797,1153.7806383096706,6.75,7.595249176025391,57.687810045914375,A,525
2275,15.983226776123049,942.4501141926164,946.3855309928674,9.4,6.583227157592773,43.33887980846703,A,525
2286,9.853789329528809,680.107403972376,674.6409087643343,16.307,6.45320987701416,41.64391771679311,A,525
2317,7.336370468139648,933.4872384211404,902.5019085205964,8.35,1.013629913330078,1.0274456011975417,A,525
2326,10.65773868560791,764.0767347044355,829.8723533810447,8.9355,1.722238540649414,2.9661055908982235,A,525
2336,22.30869483947754,1347.8418544239184,1340.8026667082522,13.44,8.868695259094238,78.65375559868062,A,525
2339,14.59272575378418,963.3960941032728,1003.591296171864,13.688,0.9047260284423828,0.8185291865411273,A,525
2346,7.397478103637695,578.4880337651816,585.8315338777812,13.52,6.122522354125977,37.48527997677229,A,525
2373,14.973661422729492,963.6960876469868,931.1767825577998,21.8,6.826337814331055,46.59888795536608,A,525
2382,16.077892303466797,1330.1082826811078,1302.190582646407,17.08,1.0021076202392578,1.0042196825415886,A,525
2428,4.376712799072266,2006.2161307218648,1972.9303581238737,17.34,12.963287353515623,168.04681900981814,A,525
2431,32.13541793823242,1419.0667911288776,1484.7031021848568,32.025,0.1104164123535156,0.0121917841170215,A,525
2441,11.25673484802246,575.9981052139752,583.3452352054741,7.36,3.8967347145080566,15.184541435252186,A,525
2471,10.815824508666992,1074.257022994867,1065.5384440969865,17.84,7.024175643920898,49.33904347665157,A,525
2516,15.457578659057615,1203.4255559262328,1175.0387834641167,7.44,8.017578601837158,64.28156663663708,A,525
2535,9.366128921508787,437.184178205512,457.1709917922192,29.71,20.343870162963867,413.8730532075315,A,525
2616,8.392544746398926,580.7678097125989,556.0271775114624,8.65,0.2574548721313476,0.0662830111841685,A,525
2646,8.761979103088379,707.0244856567507,662.629248380491,20.88,12.118020057678224,146.84641011829171,A,525
2651,9.290027618408203,794.3166888482477,799.4801099180294,28.5,19.2099723815918,369.0230389015196,A,525
2660,9.667047500610352,859.3083737222087,920.6963855245832,10.577,0.9099521636962892,0.828012940215558,A,525
2663,11.688848495483398,1329.048456695701,1367.810440662087,14.88,3.1911516189575195,10.183448655175198,A,525
2669,13.128076553344728,1188.5293361760914,1147.6678450024676,9.7685,3.3595762252807617,11.286752413471731,A,525
2671,18.47997283935547,1280.749121314412,1329.42161559566,19.6,1.1200275421142578,1.2544616950945056,A,525
2683,12.392428398132324,633.1028594916285,645.3567246698533,15.8352,3.4427719116210938,11.85267843544716,A,525
2696,13.724573135375977,831.227380448931,856.3972651502626,15.872,2.1474266052246094,4.61144102482649,A,525
2711,16.15291976928711,907.727203935844,857.2496227718619,10.0,6.152919769287109,37.858421687284135,A,525
2712,14.881004333496094,807.0595190735306,838.6451103220322,11.06,3.8210039138793945,14.600070909881651,A,525
2732,14.370925903320312,785.4461790202533,810.4798970219741,10.463,3.907925605773926,15.271882540263505,A,525
2748,6.260495185852051,612.0856378327061,623.1117360628208,5.5,0.7604951858520508,0.5783529277041453,A,525
2782,8.265983581542969,631.9429460048392,637.8807386654015,8.25,0.0159835815429687,0.0002554748789407,A,525
2799,15.14065933227539,906.7850441462808,923.045589047351,14.32,0.8206596374511719,0.6734822405414889,A,525
2837,9.947671890258787,1396.0462461161649,1369.7024028660614,10.75,0.8023281097412109,0.6437303956809046,A,525
2841,13.10862922668457,1238.54807641937,1265.0422963267415,10.75,2.3586292266845703,5.563131828970654,A,525
2870,10.756489753723145,629.9932710874649,616.5742598663804,13.336,2.5795106887817383,6.653875393539238,A,525
2879,15.321070671081545,565.5432568771266,536.3424756974857,13.3,2.02107048034668,4.084725886528759,A,525
2881,20.758129119873047,1449.2451543288646,1418.872711100058,18.69,2.0681285858154297,4.277155847466929,A,525
2892,24.989442825317383,1165.7930803253166,1134.550596834826,20.89,4.099443435668945,16.805436482249206,A,525
2915,15.37907600402832,1274.3487106910015,1336.0524559820362,11.1,4.279075622558594,18.310488183575217,A,525
2931,8.328278541564941,751.4936500284058,782.7691599796668,10.11,1.781721115112305,3.1745301320370345,A,525
2932,8.844185829162598,859.566106441889,883.7818890850345,13.464,4.619813919067383,21.34268064680873,A,525
2935,11.142094612121582,1021.788562191502,994.8700457065175,9.85,1.2920942306518557,1.6695075008838105,A,525
2956,4.879961013793945,628.0932449186067,640.0469387871364,18.2344,13.35443878173828,178.34103517519543,A,525
2971,18.692310333251957,1018.5480728841912,1030.7716550742662,15.72,2.9723100662231445,8.834627129771434,A,525
2986,8.039152145385742,559.644235422289,578.2188559259631,10.6,2.5608482360839844,6.557943688254454,A,525
2988,9.34743309020996,697.5340167760869,707.7733083228709,27.6,18.25256729125977,333.15621272196586,A,525
2993,13.303733825683594,1072.1775989353978,1064.7675492669312,9.75,3.5537338256835938,12.629024103807753,A,525
3003,10.423785209655762,871.2673014919305,915.6896594071778,23.5,13.076214790344238,170.9873932432174,A,525
3038,14.452242851257324,935.2730548859972,917.0837525976624,24.2,9.747757911682127,95.01878430476154,A,525
3047,15.088525772094728,1099.7623080009953,1134.4328440070708,8.516,6.572525978088379,43.1980977326466,A,525
3050,19.772817611694336,1062.2050939095725,1094.4839749806918,23.76,3.9871826171875,15.897625222802162,A,525
3058,12.954315185546877,1049.5700652782302,1078.7362143224414,10.956,1.9983148574829104,3.993262269636944,A,525
3059,15.625112533569336,1214.9737390958082,1240.2659943221445,14.778,0.8471126556396484,0.7175998513448576,A,525
3063,8.388336181640625,656.5937468278327,660.6075636487686,18.6,10.211664199829102,104.27808573007133,A,525
3089,16.083810806274414,1046.12833510426,1063.0664676676752,15.078,1.0058107376098633,1.0116552398912972,A,525
3097,7.783936023712158,773.3574647627022,790.9781994911591,13.05,5.266064167022705,27.731431811200537,A,525
3110,15.435050010681152,886.6100918306647,895.7476600724863,26.8,11.364949226379396,129.1620709181816,A,525
3111,17.208393096923828,641.7937775917488,658.9067242974905,17.4,0.1916065216064453,0.0367130591221211,A,525
3118,19.974773406982425,1706.5804543090596,1726.6290808830956,17.274,2.700773239135742,7.294176089231769,A,525
3182,20.779136657714844,1644.2894317814355,1739.4046478001846,29.0,8.220863342285156,67.58259409252787,A,525
3190,9.975783348083496,814.8760554505499,807.1280297462248,18.8,8.82421588897705,77.86678605527504,A,525
3204,5.916099548339844,557.4093046462436,555.8907994641023,16.35,10.433900833129885,108.86628659558846,A,525
3219,13.31468105316162,1238.2448041977177,1242.134461925249,14.1,0.7853193283081055,0.6167264474142939,A,525
3221,14.813958168029783,737.247893679196,728.2253974839733,14.1,0.7139577865600586,0.5097357209897382,A,525
3228,22.853174209594727,900.3410721593257,928.9488226656764,22.64,0.213174819946289,0.0454435038591327,A,525
3276,14.92424774169922,1203.4770403705018,1266.264845672651,14.55,0.3742475509643554,0.1400612294028178,A,525
3282,30.050466537475582,1352.439034437453,1429.2272900176056,20.44,9.610466003417969,92.36105680285254,A,525
3284,18.117589950561523,751.0211607662206,768.535686225627,23.392,5.274410247802734,27.819403462126505,A,525
3293,13.688287734985352,703.2159778923458,732.9716502674057,23.52,9.83171272277832,96.66257506324108,A,525
3336,18.958425521850582,1498.6871867570724,1544.7886157730245,15.0,3.958425521850586,15.669132612038084,A,525
3378,11.570549011230469,759.1690213134061,789.5267983082292,15.45,3.879450798034668,15.050138494371822,A,525
3380,29.49100685119629,1104.4512251409951,1105.5383798964428,46.5,17.00899314880371,289.3058479360516,A,525
3382,21.192249298095703,1392.7275309775862,1427.8856316242006,15.5,5.692249298095703,32.401702071671025,A,525
3440,23.27010726928711,2092.878643799669,2200.0815519767107,18.45,4.820106506347656,23.23342673253501,A,525
3485,14.170464515686035,646.0819940343603,640.8022696845558,26.992,12.82153606414795,164.39178704424648,A,525
3491,12.262530326843262,1060.8806224326747,1057.940140117035,18.2,5.937470436096191,35.2535551795163,A,525
3555,6.586989402770996,543.6056340606381,547.9377261539837,18.75,12.163010597229004,147.93882678830505,A,525
3578,35.090782165527344,2046.7138468222568,2123.6617743552447,20.04,15.05078125,226.5260162353516,A,525
3601,33.19160079956055,1113.4963483233814,1096.495797227347,16.95,16.241600036621094,263.7895717495703,A,525
3635,12.958685874938965,814.1692589120339,855.2877004675075,3.973,8.9856858253479,80.74254975185818,A,525
3656,30.11536026000977,1772.4911602481918,1807.670388412111,45.18,15.064640045166016,226.94337969041956,A,525
3694,18.28807830810547,1016.2609531775792,1032.753718411286,43.3,25.01192092895508,625.5961885563011,A,525
3719,6.2755303382873535,462.1360338429867,478.36015888607176,14.0,7.7244696617126465,59.66743155471909,A,525
3726,32.07890701293945,1100.0151807086424,1102.422362364107,22.95,9.12890625,83.33692932128906,A,525
3746,20.96834373474121,1959.1536001317584,1965.127890705677,38.88,17.911657333374023,320.82746842821143,A,525
3751,31.481416702270508,1673.3791332372643,1702.5417186313116,22.8845,8.596916198730469,73.90696812799433,A,525
3753,17.459447860717773,1160.8476862159262,1180.1987859424728,53.14,35.680551528930664,1273.1017574086763,A,525
3762,9.272216796875,781.7159827694667,802.892563263649,5.0,4.272216796875,18.251836359500885,A,525
3763,5.834301948547363,691.6307665035919,683.1877314985101,5.3,0.5343017578125,0.2854783684015274,A,525
3790,8.916707992553711,663.3199391021421,679.3338861766485,5.3,3.616707801818848,13.08057532373732,A,525
3807,5.987813949584961,637.7258171399221,646.8744949946373,4.48,1.5078139305114746,2.273502849044462,A,525
3813,7.327131748199463,454.7649132453726,431.22406507437984,5.9,1.4271316528320312,2.0367047545150854,A,525
3854,5.85997486114502,835.7520783862693,802.9483668847234,4.8,1.0599746704101562,1.1235463019111194,A,525
3870,10.942621231079102,533.2112517561948,544.4116989045476,15.0,4.057378768920898,16.462322474490065,A,525
3872,12.395198822021484,810.5457650213186,847.2636218765697,5.868,6.527198791503906,42.60432406381005,A,525
3908,13.168723106384276,606.758632222428,626.336285282895,25.6,12.43127727508545,154.5366546900559,A,525
3914,11.405011177062988,969.8690386215312,1002.6420538236248,41.84,30.434988975524902,926.2885539403223,A,525
3928,21.737720489501957,974.6654692388896,990.54147794672,18.7,3.0377197265625,9.22774113714695,A,525
3990,9.3567533493042,627.5017056191977,638.4743923543772,6.1,3.256753444671631,10.606442999380532,A,525
4000,5.188416481018066,552.1593213645388,546.6728915667146,4.928,0.2604165077209472,0.0678167574935741,A,525
4010,5.8606157302856445,543.6306996115461,530.1741984113906,6.2,0.3393840789794922,0.1151815530647581,A,525
4037,4.494776248931885,741.168836292979,760.0211746191887,6.337,1.842223644256592,3.3937879554580377,A,525
4041,4.9634528160095215,399.71667007459234,392.73096413273765,4.76,0.2034525871276855,0.0413929552089484,A,525
4069,6.131477355957031,540.5559380222662,527.3381454657481,6.5,0.3685226440429687,0.1358089391724206,A,525
4108,12.928241729736328,980.670268742774,1019.8757003828208,7.8,5.128241539001465,26.298861282340116,A,525
4131,6.175837516784668,697.7857941952467,683.1348096269971,7.7,1.5241622924804688,2.323070693819318,A,525
4142,2.879236221313477,677.879132949183,711.4945517822152,13.611,10.73176383972168,115.1707551115578,A,525
4211,8.297370910644531,597.3162398250007,597.040660474807,7.1,1.197371006011963,1.4336973260381,A,525
4310,7.787595748901367,468.8083013405365,475.25983198302106,8.916,1.1284046173095703,1.2732969803655578,A,525
4325,11.042909622192385,893.5670469898045,862.7903139526,7.63,3.412909507751465,11.647951308100346,A,525
4333,15.862265586853027,1252.2012546894307,1327.799371337739,7.66,8.202265739440918,67.27716326040627,A,525
4340,11.520708084106444,670.4609035392693,684.8441495080212,13.7,2.1792917251586914,4.749312423345145,A,525
4359,7.838233470916748,679.3372705938757,673.0678980816307,7.8,0.0382332801818847,0.0014617837134665,A,525
4370,22.378231048583984,1219.5854258810798,1263.4108199617656,10.01,12.368230819702148,152.97313360943008,A,525
4375,15.63736343383789,1056.179287594296,1059.0549301431745,7.87,7.767363548278809,60.33193649113037,A,525
4389,10.589816093444824,675.5467098718925,678.0173628547147,7.912,2.6778159141540527,7.170698070096705,A,525
4411,43.3455924987793,2405.280470869356,2499.565283158725,57.075,13.729408264160156,188.4966512839892,A,525
4467,3.663731098175049,468.8957909810535,467.79614021665446,6.008,2.344268798828125,5.49559620115906,A,525
4483,6.7555341720581055,422.7332810239333,407.1722348080284,8.2,1.4444656372070312,2.086480977071915,A,525
4497,6.059660911560059,682.999659309185,700.3686610974405,17.254,11.19433879852295,125.31322113611624,A,525
4533,10.239465713500977,730.3878077096873,719.5781179917088,7.082,3.157465934753418,9.969591129128275,A,525
4546,20.68084144592285,2301.444782311646,2450.55548001755,16.3,4.380842208862305,19.19177845894956,A,525
4618,11.224123001098633,766.4714174011298,777.9659653536644,8.7,2.524123191833496,6.371197887551716,A,525
4620,5.44168758392334,308.8736785518917,295.23184191321064,8.7,3.258312225341797,10.616598557811812,A,525
4633,11.300043106079102,734.2434550191934,738.6606514253771,6.097,5.203042984008789,27.071656293443084,A,525
4634,13.66973114013672,1065.4968798315806,1078.30498337682,9.44,4.229731559753418,17.890629067574082,A,525
4653,27.502933502197266,1640.7525532068148,1733.1609356739373,8.72,18.782933235168457,352.7985809167958,A,525
4684,11.082730293273926,800.1118401505935,816.6977883936539,7.12,3.962730407714844,15.703232284227852,A,525
4694,6.274435997009277,566.4310739135266,567.5678964539183,9.8,3.525564193725586,12.42960288407994,A,525
4697,9.06697940826416,604.2696607696389,587.6429284548394,8.9,0.1669797897338867,0.027882250179573,A,525
4712,7.535031318664551,578.0047939717659,580.2385193927288,6.3,1.2350311279296875,1.525301886955276,A,525
4721,9.047381401062012,539.182320253238,553.3042982458343,8.2,0.847381591796875,0.7180555621162057,A,525
4726,7.115909576416016,572.4701023556286,594.8041139920136,4.5,2.615909576416016,6.842982911985018,A,525
4753,8.390390396118164,727.0289664895101,718.6631669862751,8.22,0.1703901290893554,0.0290327960910872,A,525
4778,8.784608840942383,641.4686683235675,635.9529209300423,7.44,1.3446087837219238,1.8079727812621516,A,525
4799,15.708078384399414,869.0463323605057,880.5762171192309,6.062,9.64607858657837,93.04683209844576,A,525
4802,17.075620651245117,1697.9093676832688,1756.9754643217834,4.675,12.400620460510254,153.77538780562554,A,525
4859,11.674827575683594,713.0798402543949,724.9154161949501,9.502,2.17282772064209,4.7211803035907,A,525
4864,9.299845695495604,469.8493541221941,432.0704283740167,7.656,1.643845558166504,2.7022282191037448,A,525
4885,22.697418212890625,1008.0861827600514,1055.619109556328,10.14,12.557417869567873,157.6887435509425,A,525
4899,7.276200294494629,404.8085928986407,402.4837716398191,12.8,5.523799896240234,30.512365293703624,A,525
4906,11.432676315307615,940.6754693637952,929.623215726234,9.7,1.7326765060424805,3.002167874591578,A,525
4920,22.412044525146484,880.2776765216493,907.9893880724006,22.28,0.1320438385009765,0.0174355752860719,A,525
4925,14.559366226196287,1468.9637729212443,1536.2359663561317,9.8,4.759366035461426,22.65156505950381,A,525
4931,10.710214614868164,587.6202046119646,590.5296610962649,6.86,3.85021448135376,14.8241515524262,A,525
4935,6.909116744995117,700.0236371011657,677.8012372018219,7.9,0.9908833503723145,0.9818498140450628,A,525
4936,8.974963188171387,807.6380062169516,793.3913146119035,8.3,0.6749629974365234,0.4555750479084963,A,525
4949,15.02408218383789,878.0491946867886,891.9655571488596,8.26,6.764081954956055,45.75280469336212,A,525
96,7.525623321533203,694.1716849264556,691.0218660495792,7.39,0.1356234550476074,0.0183937215590503,D,525
101,4.8625311851501465,292.4646412849274,289.67099680998126,13.509,8.64646863937378,74.76141993167425,D,525
110,9.676350593566896,635.1469060877083,641.4962933615777,3.55,6.12635064125061,37.532172179551765,D,525
134,7.800490856170654,609.5331473565572,605.1559160505572,3.8,4.00049090385437,16.003927471821555,D,525
145,8.08768367767334,712.8045754571656,710.0835452048952,11.62,3.532316207885742,12.47725779249231,D,525
148,7.933938980102539,352.5483555367084,352.15509307095766,8.87,0.936060905456543,0.8762100187241231,D,525
158,25.95053482055664,921.0372203494572,976.5990117886384,8.25,17.70053482055664,313.3089329337381,D,525
197,8.282983779907227,765.55038146824,769.6236303820024,11.33,3.047016143798828,9.28430738057068,D,525
205,11.908157348632812,888.4906469473053,861.7917151479546,11.8,0.1081571578979492,0.0116979708045619,D,525
230,12.588566780090332,1031.5051422603478,1041.9626948692164,9.35,3.238566398620605,10.488312318274438,D,525
239,6.7452311515808105,596.8266288603184,595.3124668963669,4.75,1.9952311515808103,3.980947348238488,D,525
304,8.99775218963623,494.747964069177,479.48593503726966,10.5,1.5022478103637695,2.25674848374274,D,525
313,14.889007568359377,898.6127794594045,860.8909904434144,9.4,5.489007949829102,30.12920827328708,D,525
319,5.048503398895264,465.89844632540144,468.6264609880117,11.95,6.901496410369873,47.63065270234824,D,525
322,14.556096076965332,753.053744308112,722.6133643255783,5.84,8.716095924377441,75.97032816294904,D,525
323,14.937698364257812,839.83608050218,809.7914347012415,8.56,6.377697944641113,40.67503107307948,D,525
324,13.486273765563965,571.4606728388073,567.5825624021246,9.76,3.726273536682129,13.88511447017754,D,525
344,20.51910400390625,1544.8994200759005,1529.1813750902545,5.529,14.99010419845581,224.7032238805625,D,525
425,10.687366485595703,510.52423634211993,505.69681704608143,12.2,1.5126333236694336,2.288059571875237,D,525
427,13.335287094116213,650.0514614429452,643.4561566332668,12.2,1.1352872848510742,1.288877219144524,D,525
428,17.317516326904297,1277.959264437669,1248.4612363835183,9.5,7.817516326904297,61.11356152141525,D,525
457,8.814309120178223,550.417919158092,558.5482676710109,9.52,0.7056913375854492,0.4980002639431404,D,525
465,24.663908004760746,912.5819019433236,855.8537431454538,13.7,10.963908195495604,120.2072829192557,D,525
471,7.610841274261475,318.4737446969811,310.1790530015004,15.2,7.589158535003662,57.59532726941893,D,525
493,8.021937370300293,616.4453122510637,623.2959763096807,8.49,0.4680624008178711,0.2190824110593894,D,525
556,13.359362602233888,794.7170862671401,753.6864165960669,15.4,2.0406370162963867,4.16419943227902,D,525
568,9.91901969909668,669.3460137711231,664.242149773854,11.75,1.8309803009033203,3.3524888622960134,D,525
611,4.672001838684082,287.51972619563617,282.14159229348115,16.31,11.6379976272583,135.44298877206984,D,525
626,21.461719512939453,602.6010808702987,608.763497278941,13.4848,7.976919174194336,63.631239511629246,D,525
633,11.287880897521973,549.692799948488,520.2459531906187,14.5,3.212119102478028,10.317709128504248,D,525
652,12.610333442687988,457.78406519316354,476.4898914073578,18.84,6.229666709899902,38.808747316435074,D,525
669,13.413470268249512,494.6920110740403,506.9882857632264,17.268,3.85452938079834,14.857396747437631,D,525
676,14.066027641296388,1010.8042107705006,977.146434605019,17.8,3.73397159576416,13.942543877973549,D,525
692,16.437761306762695,837.0993565713405,844.4884399758054,18.1,1.6622390747070312,2.7630387414828874,D,525
719,10.506918907165527,744.3053497368347,725.3933766679327,13.454,2.9470815658569336,8.685289755813756,D,525
722,10.909955024719238,521.6241954161094,487.38510087597774,11.2,0.2900447845458984,0.0841259770422766,D,525
742,6.983299255371094,334.3830071351437,326.6807687098754,9.85,2.866701126098633,8.21797534637517,D,525
763,16.223400115966797,1317.3390343658011,1328.4735143196203,6.112,10.111400127410889,102.24041253660494,D,525
770,15.716631889343262,973.2811613860708,991.7708033066592,20.4,4.683367729187012,21.933933286790307,D,525
805,25.077129364013672,911.1673836109508,902.2112911916776,19.4,5.677129745483398,32.2298021470524,D,525
817,11.248032569885254,500.5984761097515,536.5745484334363,13.37,2.121967315673828,4.502745288787992,D,525
867,14.91822910308838,566.6632091729317,547.2013739681337,22.6,7.681771278381348,59.00960997336461,D,525
869,12.821812629699709,821.259451677202,817.7931947348909,13.3,0.4781875610351562,0.2286633435287512,D,525
875,24.784984588623047,1070.0078585793156,1052.9874700033392,18.4,6.384984970092773,40.768033068310615,D,525
889,30.101318359375,1014.8445545773644,990.1628324623092,19.92,10.181318283081056,103.65924198140056,D,525
924,11.302446365356444,783.8790393565413,766.6997212514914,15.78,4.477553367614746,20.048484159838157,D,525
960,25.383432388305664,885.7124571573638,882.0182083553584,28.6,3.2165679931640625,10.346309654647484,D,525
1045,22.76039123535156,621.7003002780682,637.0194882316702,38.24,15.479610443115234,239.61833947060225,D,525
1064,11.841297149658203,561.9828245942481,553.0743696851991,45.7,33.85870361328125,1146.4118103720248,D,525
1066,18.740867614746094,1362.9402342241738,1378.7194411841945,46.0,27.259132385253903,743.0602983967983,D,525
1075,11.381705284118652,837.8163946702266,815.3116243975859,13.275,1.893294334411621,3.5845634367151438,D,525
1085,17.725830078125,1242.8462234444717,1272.188563756388,26.45,8.724170684814453,76.11115413777588,D,525
1088,19.682144165039062,1466.4946839991649,1482.5035704394131,17.84,1.842144012451172,3.3934945626097037,D,525
1211,11.91793155670166,806.824153222546,756.1869406482622,7.35,4.567931652069092,20.865999577974662,D,525
1222,8.543474197387695,588.9028163893514,576.1958429958323,6.852,1.6914739608764648,2.8610841603231165,D,525
1235,10.784899711608888,646.904186168117,620.5997123295065,10.6,0.1848993301391601,0.0341877622859101,D,525
1239,10.212706565856934,382.37665457378336,370.8481391930789,10.6,0.3872938156127929,0.149996499611916,D,525
1293,5.776359081268311,341.0743990330663,334.3758787590189,7.5546,1.77824068069458,3.1621399184771235,D,525
1311,9.303888320922852,470.6656103838863,465.2947597534668,5.3,4.003888130187988,16.031120159060265,D,525
1350,13.8865327835083,607.9015365246124,562.7963822072077,7.77,6.116532802581787,37.41197352505901,D,525
1356,13.437244415283203,889.7477245676639,880.5963161551764,11.1,2.337244033813477,5.462709673596692,D,525
1368,9.914618492126465,608.3161272220666,588.1455948260916,10.0,0.0853815078735351,0.0072900018867585,D,525
1383,7.480071544647217,729.6910666201209,723.3546760030995,6.738,0.7420716285705566,0.5506703019293582,D,525
1412,9.46570873260498,846.0139500167104,825.3124873017349,6.3145,3.151208877563477,9.930117390034866,D,525
1421,7.072861194610596,310.57336151780265,301.4484554409626,11.4,4.327138423919678,18.724126939762076,D,525
1427,8.250496864318848,458.4220978183586,452.7774524393921,11.46,3.209503173828125,10.300910622812808,D,525
1431,25.2089900970459,1100.518733168798,1071.8985045150464,9.2,16.00899028778076,256.2877700342588,D,525
1455,5.654933452606201,404.16510794539727,392.1270258552189,5.8,0.1450667381286621,0.0210443585112898,D,525
1501,7.168436527252197,373.39716071062514,384.1088966797946,7.6,0.4315633773803711,0.1862469486959526,D,525
1505,10.334765434265137,424.3682188938976,399.9834415843648,10.722,0.3872346878051758,0.1499507034395719,D,525
1558,9.930971145629885,648.4609895445398,640.4609540481157,9.945,0.0140285491943359,0.0001968001924979,D,525
1560,11.080344200134276,510.2761699203815,483.22065030526335,9.08,2.0003442764282227,4.00137722423915,D,525
1589,8.378352165222168,500.66259362484,505.932807645096,6.075,2.3033523559570312,5.305432075692806,D,525
1603,19.481843948364254,833.9171984813984,817.5614774592408,14.29,5.191843986511231,26.955243980272822,D,525
1648,12.727252960205078,592.5215573488847,552.3246089533142,9.8,2.927252769470215,8.568808776371043,D,525
1665,10.346291542053224,631.8538643712393,605.9452845373803,6.9,3.446291446685791,11.876924735499642,D,525
1699,12.033676147460938,748.8927560382162,738.9738771438731,12.775,0.7413234710693359,0.5495604887582886,D,525
1709,10.584988594055176,676.4673800589046,638.9194755511575,10.43,0.1549882888793945,0.0240213696897626,D,525
1713,8.516684532165527,428.2186063753623,418.7514686020693,11.97,3.453315734863281,11.925389564654324,D,525
1716,11.810270309448242,654.8106877302695,602.1283892028453,8.96,2.850270271301269,8.124040619463813,D,525
1772,8.849907875061035,440.7136992236035,434.92035739719415,7.044,1.8059077262878416,3.2613027158661225,D,525
1792,13.55779266357422,678.7233006492636,694.1600061065097,6.6,6.95779275894165,48.41088007638086,D,525
1796,14.126028060913086,604.5655039177976,546.7929044570662,13.2,0.9260282516479492,0.8575283228501576,D,525
1808,6.436482906341553,496.5406066625421,488.2089703541395,6.3,0.1364827156066894,0.0186275316593764,D,525
1934,20.52225685119629,938.1894061002688,938.320834973344,24.73,4.207742691040039,17.70509855400087,D,525
1966,17.572813034057617,882.1749458358478,878.8320335007884,16.2,1.372812271118164,1.884613531732612,D,525
1989,9.596614837646484,680.1890133334799,665.993410940413,14.4,4.803384780883789,23.072505353226006,D,525
1995,19.808712005615234,970.3610256022332,987.946513290607,15.396,4.412712097167969,19.472028052492533,D,525
2010,8.462187767028809,488.0699160103741,496.6176521719277,7.3,1.162187576293945,1.350679962491995,D,525
2025,8.788466453552246,454.6257576576252,456.6336288612853,5.55,3.238466262817383,10.487663735406386,D,525
2065,15.98513126373291,801.8386509944444,792.6801319890344,13.44,2.5451316833496094,6.477695285590016,D,525
2068,8.518885612487793,556.1926503187068,530.9290659820567,8.9,0.3811140060424804,0.1452478856017478,D,525
2087,6.202373027801514,301.78971202256315,309.0569726627006,11.968,5.765627384185791,33.24245913327309,D,525
2099,12.476963996887209,692.7620815798415,653.6650866293901,9.0,3.476963996887207,12.089278635649862,D,525
2139,13.378138542175291,522.9123915749514,508.0236593011842,13.188,0.1901388168334961,0.0361527696668417,D,525
2156,3.7576711177825928,170.37830299700192,164.66005417314028,17.7,13.94232964515686,194.38855593421985,D,525
2176,12.929739952087402,636.5098211226486,620.7019125633379,13.3,0.3702602386474609,0.1370926443232747,D,525
2192,13.903730392456056,1015.0639945948036,995.580291887917,7.85,6.053730487823486,36.64765281920359,D,525
2227,8.637604713439941,541.6646238166346,556.7056718273699,17.8,9.162394523620604,83.94947340647286,D,525
2235,15.417908668518066,943.389008937704,903.995215926697,9.54,5.877908706665039,34.54981076388867,D,525
2264,15.311480522155762,798.4277066160918,810.270544824775,6.75,8.561480522155762,73.2989487312525,D,525
2275,12.157021522521973,528.8063970154071,514.6372302692512,9.4,2.757021903991699,7.601169779090014,D,525
2286,13.441843032836914,547.4874238206606,539.0089832634334,16.307,2.8651561737060547,8.20911989972592,D,525
2317,9.376530647277832,627.6423825720166,611.731809646696,8.35,1.0265302658081057,1.0537643866200597,D,525
2326,14.122149467468262,642.3397231757449,627.2418456045642,8.9355,5.186649322509766,26.90133119469101,D,525
2336,15.359004020690918,969.5961042187084,927.807698007512,13.44,1.9190044403076167,3.682578041920351,D,525
2339,14.48153305053711,618.1357587268424,625.0709943106468,13.688,0.7935333251953125,0.6296951381955296,D,525
2346,12.19802474975586,646.8439078308435,638.4094528506612,13.52,1.3219757080078125,1.7476197725627571,D,525
2373,18.92413711547852,971.959211224574,962.7636642167588,21.8,2.8758621215820312,8.270582942350302,D,525
2382,16.02265167236328,1131.4322820248417,1124.8351590619795,17.08,1.0573482513427734,1.1179853246176208,D,525
2428,20.10405731201172,1757.537693858431,1651.4851681954333,17.34,2.764057159423828,7.640011980562122,D,525
2431,30.989547729492188,1242.1079799961267,1195.7615431832485,32.025,1.0354537963867188,1.0721645644516684,D,525
2441,9.820855140686035,482.30516382308366,481.8721787975349,7.36,2.460855007171631,6.055807366321687,D,525
2471,15.167303085327148,911.5662266988992,924.156713658148,17.84,2.672697067260742,7.143309613344172,D,525
2516,21.821027755737305,932.3985418157446,891.015711343016,7.44,14.381027698516846,206.81395766550872,D,525
2535,12.326966285705566,472.65484649743775,434.9526486637411,29.71,17.38303279876709,302.1698292830124,D,525
2616,9.309839248657228,657.1508141407643,629.2719602471768,8.65,0.6598396301269531,0.4353883374860743,D,525
2646,8.22995662689209,590.9145307434984,548.7398874737821,20.88,12.650042533874512,160.02357610883428,D,525
2651,12.750872611999512,500.7598360212908,496.9886678034605,28.5,15.749127388000488,248.03501348346708,D,525
2660,10.313904762268066,650.6249171024177,645.2949789805326,10.577,0.2630949020385742,0.0692189274786869,D,525
2663,12.857050895690918,827.2815430751506,858.9172331525408,14.88,2.02294921875,4.092323541641235,D,525
2669,14.779589653015137,804.7978393230358,784.7309548710425,9.7685,5.011089324951172,25.11101622263959,D,525
2671,19.37483024597168,868.26328785724,881.7967143166438,19.6,0.2251701354980468,0.0507015899202087,D,525
2683,9.504042625427246,505.050627862292,492.0528713477794,15.8352,6.331157684326172,40.083557623802335,D,525
2696,11.614123344421388,581.7883083230706,578.3491596843293,15.872,4.257876396179199,18.129511405139965,D,525
2711,15.268327713012695,743.3367998635929,744.3973199906982,10.0,5.268327713012695,27.755276891697577,D,525
2712,12.824993133544922,560.5588243564566,530.9463293487877,11.06,1.7649927139282229,3.115199280219713,D,525
2732,18.416208267211918,772.1267933312589,809.830600724479,10.463,7.953207969665527,63.25351700875126,D,525
2748,5.783230304718018,453.19749970213405,450.8865120348421,5.5,0.2832303047180176,0.080219405510661,D,525
2782,9.15843391418457,543.3329618064212,530.3892568986591,8.25,0.9084339141845704,0.8252521764406993,D,525
2799,16.954809188842773,1024.0303352365772,1022.5531173453754,14.32,2.6348094940185547,6.942221069770312,D,525
2837,8.531878471374512,468.1821464203903,460.4031614511513,10.75,2.2181215286254883,4.920063115751873,D,525
2841,17.643539428710938,821.3213740339286,820.5896727605473,10.75,6.8935394287109375,47.52088585519232,D,525
2870,10.981210708618164,588.2048022176705,575.676353975568,13.336,2.3547897338867188,5.545034690818284,D,525
2879,10.936139106750488,446.753930459625,441.25142102051166,13.3,2.363861083984375,5.587839224375784,D,525
2881,19.53178024291992,1175.4077463814428,1144.8332422995993,18.69,0.8417797088623047,0.7085930782523064,D,525
2892,22.59496307373047,840.592433623475,823.6453866515961,20.89,1.7049636840820312,2.9069011640385725,D,525
2915,14.10783863067627,841.3147179573173,875.44960687689,11.1,3.007838249206543,9.047090933389882,D,525
2931,11.46447467803955,841.8270688346455,804.889942290194,10.11,1.354475021362305,1.834602583494416,D,525
2932,13.251781463623049,804.3457810102609,789.4323154500725,13.464,0.2122182846069336,0.0450366003215094,D,525
2935,13.278740882873535,911.1409814449936,885.5656998312006,9.85,3.4287405014038086,11.75626142596684,D,525
2956,10.861696243286133,665.7201470165996,639.7595903073984,18.2344,7.372703552246094,54.35675766930217,D,525
2971,15.04738426208496,729.830440226367,708.2799483754834,15.72,0.6726160049438477,0.4524122901066221,D,525
2986,9.117780685424805,496.3906938494233,479.7096633052534,10.6,1.482219696044922,2.1969752273435006,D,525
2988,9.33306884765625,530.5758646545818,529.2519430668115,27.6,18.26693153381348,333.6807876610292,D,525
2993,12.424680709838867,619.0732415800202,600.6393396961689,9.75,2.674680709838867,7.153916899584146,D,525
3003,12.589247703552246,690.7870453508128,728.5884141662782,23.5,10.910752296447754,119.04451567443994,D,525
3038,16.021865844726562,714.7383240927853,711.343513597297,24.2,8.17813491821289,66.88189074049296,D,525
3047,14.720016479492188,778.8095005486598,754.2667175696661,8.516,6.20401668548584,38.48982303378671,D,525
3050,20.53472900390625,575.8917741430877,575.413597107929,23.76,3.225271224975586,10.402374474655517,D,525
3058,10.905455589294434,572.7326715098708,551.3803859486105,10.956,0.0505447387695312,0.0025547706172801,D,525
3059,15.463783264160156,650.9893713314658,637.398271445114,14.778,0.6857833862304688,0.4702988528297283,D,525
3063,10.504853248596191,536.9409743338158,529.5174559999654,18.6,8.095147132873535,65.53140710287062,D,525
3089,15.546815872192385,643.6778683850721,625.6897438309118,15.078,0.468815803527832,0.2197882576374468,D,525
3097,8.727232933044434,664.1275033439773,657.036362162439,13.05,4.32276725769043,18.68631676416044,D,525
3110,16.58696937561035,883.6226224543773,884.7527632775088,26.8,10.213029861450195,104.3059789508734,D,525
3111,17.457019805908203,648.5646596485575,623.5771572532982,17.4,0.0570201873779296,0.0032513017686142,D,525
3118,14.273699760437012,1127.2247265427166,1104.2350991497644,17.274,3.000300407409668,9.00180253470262,D,525
3182,24.12334632873535,1162.3811374933405,1160.381186743712,29.0,4.876653671264648,23.78175102945897,D,525
3190,9.210901260375977,558.4626523203701,560.2272651584252,18.8,9.58909797668457,91.95080000645612,D,525
3204,6.962713718414307,291.6155468710253,301.7211617303793,16.35,9.38728666305542,88.12115089437816,D,525
3219,14.43386173248291,692.7855198606468,701.7118356918911,14.1,0.3338613510131836,0.1114634017003481,D,525
3221,11.520662307739258,557.0813784495363,557.8133640606858,14.1,2.5793380737304688,6.652984898595605,D,525
3228,22.87882232666016,566.5950311090052,545.1388988985841,22.64,0.2388229370117187,0.0570363952429033,D,525
3276,14.78799533843994,745.5143440730782,783.3272143148735,14.55,0.2379951477050781,0.0566416903311619,D,525
3282,24.4718074798584,743.0563420139737,739.4330475022591,20.44,4.031806945800781,16.255467248207424,D,525
3284,18.21236038208008,734.4792440426836,750.1430907659301,23.392,5.17963981628418,26.82866862643641,D,525
3293,15.987298011779783,643.2061200907804,603.4836520545196,23.52,7.532702445983887,56.74160613973163,D,525
3336,18.266075134277344,998.7223158508104,956.127225194904,15.0,3.266075134277344,10.667246782744767,D,525
3378,8.457381248474121,716.240665012886,706.4355515277869,15.45,6.992618560791016,48.896714336719015,D,525
3380,33.62562561035156,897.4629037704979,944.4579255340076,46.5,12.874374389648438,165.74951592483558,D,525
3382,15.924667358398438,738.8053760731417,753.4109429036214,15.5,0.4246673583984375,0.1803423652891069,D,525
3440,20.48486328125,842.3924317496019,836.3937353869995,18.45,2.034862518310547,4.140665468425141,D,525
3485,9.693960189819336,492.9989005974673,482.5120318086325,26.992,17.29804039001465,299.22220133457813,D,525
3491,14.338679313659668,753.155976306048,738.9559489314826,18.2,3.861321449279785,14.90980333466814,D,525
3555,8.304962158203125,390.39714802937823,412.7272941371832,18.75,10.445037841796877,109.09881551656872,D,525
3578,35.550994873046875,1530.6918318540108,1516.9203394010826,20.04,15.510993957519531,240.5909335502074,D,525
3601,35.73259735107422,1221.7779380351622,1243.6630885298944,16.95,18.78259658813477,352.78593459261174,D,525
3635,13.07003116607666,604.6534628364448,566.2078796287512,3.973,9.097031116485596,82.75597513430716,D,525
3656,27.164396286010746,1318.342025167603,1313.1613569086005,45.18,18.01560401916504,324.5619881753555,D,525
3694,19.033260345458984,465.4794174843042,457.7398000945689,43.3,24.26673889160156,588.8746164331678,D,525
3719,8.879687309265137,559.2949098494188,537.7804960535248,14.0,5.120312690734863,26.217602050900496,D,525
3726,35.798583984375,1182.919610464325,1196.046594894054,22.95,12.848583221435549,165.08609079815506,D,525
3746,20.622900009155277,1297.2727334911035,1293.1629301152673,38.88,18.25710105895996,333.3217390770769,D,525
3751,22.96259307861328,1080.497697815689,1073.2500720806736,22.8845,0.0780925750732421,0.0060984502815699,D,525
3753,15.160841941833496,687.0306571859223,681.5588989445082,53.14,37.97915744781494,1442.4164004459171,D,525
3762,9.954459190368652,566.3776185272966,552.5103689480678,5.0,4.954459190368652,24.5466658690284,D,525
3763,7.731705188751221,555.6642224508314,550.6628301336967,5.3,2.4317049980163574,5.913189197377733,D,525
3790,8.632888793945312,421.0395722392592,419.9375468749098,5.3,3.332888603210449,11.1081464414101,D,525
3807,8.615354537963867,460.9649780605259,449.0591505984604,4.48,4.135354518890381,17.101156996907093,D,525
3813,4.410801887512207,407.528530257757,396.0205131115378,5.9,1.4891982078552246,2.2177113022792128,D,525
3854,11.780550003051758,692.7865265803745,712.6300991596514,4.8,6.980549812316895,48.72807568223743,D,525
3870,9.375162124633787,407.252322210996,396.4068898578686,15.0,5.624837875366211,31.63880112415427,D,525
3872,11.234569549560549,676.2945957670266,671.4437071698243,5.868,5.366569519042969,28.80006840272108,D,525
3908,10.483319282531738,616.1919390206208,577.4465041720404,25.6,15.116681098937988,228.51404744698905,D,525
3914,10.563740730285645,540.0869502903128,536.0546472763891,41.84,31.27625942230225,978.20440345115,D,525
3928,27.93312263488769,839.4546271850412,890.5581639970706,18.7,9.233121871948242,85.25053950224901,D,525
3990,10.42427921295166,445.7216908933314,440.4475522135912,6.1,4.324279308319092,18.699391536356643,D,525
4000,6.916335105895996,414.8750444731264,395.2593681254439,4.928,1.988335132598877,3.9534765995269936,D,525
4010,6.857600212097168,403.2631346864971,422.0177734898403,6.2,0.6576004028320312,0.4324382898048498,D,525
4037,7.844542980194092,529.0967153822186,517.3985063558608,6.337,1.5075430870056152,2.27268615917842,D,525
4041,4.963021755218506,374.7353924013831,385.4196752428666,4.76,0.2030215263366699,0.0412177401560711,D,525
4069,7.115509033203125,431.54195530109087,448.2161942161245,6.5,0.615509033203125,0.3788513699546456,D,525
4108,10.784557342529297,773.2279934267457,773.6211060803541,7.8,2.9845571517944336,8.907581392327302,D,525
4131,7.479195117950439,590.1784959196377,579.707987729625,7.7,0.2208046913146972,0.0487547117065787,D,525
4142,5.884313106536865,748.8791456532241,726.4555251372085,13.611,7.726686954498291,59.70169129281408,D,525
4211,8.82166862487793,519.2394740673202,511.9628555271855,7.1,1.721668720245361,2.9641431822713,D,525
4310,7.796616554260254,351.8699706868829,341.31170543646226,8.916,1.1193838119506836,1.2530201184572434,D,525
4325,13.084059715270996,786.4780062428096,779.1187396461605,7.63,5.454059600830078,29.74676612940675,D,525
4333,18.91727828979492,1047.226249241123,1036.0391549683695,7.66,11.257278442382812,126.7263179293368,D,525
4340,7.366652965545654,554.487624547134,553.8479828248709,13.7,6.333346843719482,40.11128224285153,D,525
4359,8.268284797668457,344.3235825176536,336.82686918635306,7.8,0.4682846069335937,0.2192904730909504,D,525
4370,20.04825592041016,799.5841374436676,754.0358044348052,10.01,10.03825569152832,100.76657732850072,D,525
4375,13.22614574432373,842.2423358717183,839.1083377825207,7.87,5.356145858764648,28.688298460361693,D,525
4389,11.136749267578123,497.6551606552059,488.7393142604307,7.912,3.224749088287353,10.399006682410118,D,525
4411,42.25078201293945,1896.640724065708,1859.2771337553093,57.075,14.82421875,219.7574615478516,D,525
4467,5.672181129455566,517.9461428401423,518.4808586265798,6.008,0.3358187675476074,0.1127742446371939,D,525
4483,5.440032005310059,372.54455173275454,371.1124666004989,8.2,2.759967803955078,7.617422278868617,D,525
4497,8.276776313781738,534.9019899340125,531.8023614899963,17.254,8.97722339630127,80.5905399070989,D,525
4533,10.527631759643556,627.9550160634097,594.3481258490469,7.082,3.445631980895996,11.872379747773266,D,525
4546,18.13642120361328,1156.9078312853785,1147.4279853657094,16.3,1.8364219665527344,3.3724456392374123,D,525
4618,12.265653610229492,630.0300633430788,627.7040400002601,8.7,3.5656538009643555,12.713887028331555,D,525
4620,8.767000198364258,387.1639708607686,391.581231304108,8.7,0.0670003890991211,0.0044890521394336,D,525
4633,9.74081325531006,401.37297121222593,392.5385932162189,6.097,3.643813133239746,13.277374149970456,D,525
4634,13.702645301818848,771.4656215325524,749.1702977523047,9.44,4.262645721435547,18.17014854647277,D,525
4653,18.220775604248047,1166.093790894994,1160.257067757827,8.72,9.500775337219238,90.26473200831332,D,525
4684,9.825150489807127,494.7711913051388,513.8737513419135,7.12,2.705150604248047,7.317839791663573,D,525
4694,9.191736221313477,468.11910897734,460.8280833069964,9.8,0.6082639694213867,0.3699850564962617,D,525
4697,8.986878395080566,488.3052390569527,466.255548769439,8.9,0.0868787765502929,0.0075479218148757,D,525
4712,8.78475570678711,545.6373854953514,530.2755735247317,6.3,2.484755516052246,6.174009974552064,D,525
4721,5.775036334991455,331.66818352211874,331.0768042529202,8.2,2.4249634742736816,5.880447851561485,D,525
4726,6.971230983734131,452.48202814848224,463.54593686803554,4.5,2.471230983734131,6.10698257496756,D,525
4753,8.142991065979004,519.4165347154479,511.7253396543266,8.22,0.0770092010498046,0.0059304170463292,D,525
4778,7.148436069488525,438.6449683827975,447.3306185544211,7.44,0.2915639877319336,0.0850095589421471,D,525
4799,12.614462852478027,404.0545381980444,378.86603787066434,6.062,6.552463054656982,42.93477208264471,D,525
4802,14.899103164672852,1381.4676859570002,1325.1002101374193,4.675,10.224102973937988,104.53228162168762,D,525
4859,9.959295272827148,486.1760785343282,474.6112811876429,9.502,0.4572954177856445,0.2091190991277471,D,525
4864,8.495919227600098,425.2101490698979,435.6530536603413,7.656,0.8399190902709961,0.7054640782016577,D,525
4885,30.34412384033203,913.3436953923556,949.9716162755008,10.14,20.20412349700928,408.2066062824024,D,525
4899,7.418092250823975,312.4308399499328,318.53659124002934,12.8,5.381907939910889,28.964933073675866,D,525
4906,11.700262069702148,720.8312014974671,704.6562713100319,9.7,2.000262260437012,4.001049110528584,D,525
4920,18.91792106628418,723.3583625650301,698.4364910129543,22.28,3.362079620361328,11.303579373648972,D,525
4925,15.485140800476074,800.6267266989687,766.8779659750769,9.8,5.685140609741211,32.32082375252867,D,525
4931,10.981642723083496,489.3244835082787,485.371017530451,6.86,4.121642589569092,16.98793763614981,D,525
4935,8.923174858093262,522.2779002596693,502.0108551847054,7.9,1.02317476272583,1.046886595079059,D,525
4936,10.097038269042969,614.2008191756029,588.0875852483013,8.3,1.7970380783081057,3.2293458548892886,D,525
4949,15.382769584655762,737.7528618362301,711.7731349777287,8.26,7.122769355773926,50.733843295552106,D,525
