method,budget,id,latent_nearest_L_cosine_distance,latent_nearest_L_cosine_distance_pool_percentile,morgan_nearest_L_max_tanimoto,morgan_nearest_L_max_tanimoto_pool_percentile,morgan_novelty,morgan_novelty_pool_percentile,scaffold_novelty,scaffold_novelty_pool_percentile,heavy_atom_count,heavy_atom_count_pool_percentile,molecular_weight,molecular_weight_pool_percentile,gradient_norm,gradient_norm_pool_percentile
random,333,4518,0.012849849589767315,35.59795819154108,0.48888885974884033,43.825960136120564,0.5111111402511597,56.17403986387943,0.0,29.423918327661642,19.0,43.2912007778318,248.32899999999998,34.27321341759845,327.9278886471164,30.955274671852212
random,333,2523,0.06814429268290012,97.16820612542537,0.6721311807632446,75.7413709285367,0.32786884903907776,24.258629071463297,1.0,79.42391832766165,30.0,88.79436071949442,439.45500000000015,90.73894020418085,384.9702452247988,42.768595041322314
random,333,3777,0.017024391048214405,45.685464268351964,0.3478260636329651,16.589693728731163,0.6521739363670349,83.41030627126884,1.0,79.42391832766165,14.0,12.20223626640739,187.28600000000003,8.130772970345163,331.27386471909114,31.83033543996111
random,333,422,0.008679983692238435,25.315994166261547,0.39024388790130615,24.829849295089936,0.6097561120986938,75.17015070491007,1.0,79.42391832766165,11.0,1.9688867282450169,152.16799999999998,1.3855128828390861,864.2003622203953,94.32425862907147
random,333,4433,0.0019262977616687493,7.47447739426349,0.6176470518112183,67.13660670879922,0.38235294818878174,32.86339329120078,0.0,29.423918327661642,17.0,28.889158969372875,255.383,38.429752066115704,259.2101732651826,15.471560525036459
random,333,307,0.003635518448382724,12.82207097715119,0.75,87.91929995138551,0.25,12.080700048614487,0.0,29.423918327661642,25.0,75.12153621779291,328.45900000000006,68.55858045697619,632.7542215184905,80.56635877491493
random,333,1301,0.02797191834025925,66.58969372873116,0.37777775526046753,22.520661157024794,0.6222222447395325,77.47933884297521,1.0,79.42391832766165,17.0,28.889158969372875,229.25399999999996,25.40106951871658,543.648122380424,70.11424404472533
random,333,2132,0.02923096475112763,68.60719494409334,0.47727274894714355,41.17647058823529,0.5227272510528564,58.82352941176471,0.0,29.423918327661642,18.0,36.193485658726296,238.33,29.035002430724354,839.4921934992769,93.57073407875546
random,333,3289,0.0015491361750300525,6.186193485658726,0.7301586866378784,85.02673796791443,0.2698412835597992,14.973262032085561,0.0,29.423918327661642,32.0,92.23383568303355,439.9420000000001,90.88478366553232,606.3653376247228,77.96548371414681
random,333,1351,0.05167090486480386,91.67476908118618,0.6060606241226196,65.0583373845406,0.39393940567970276,34.94166261545941,0.0,29.423918327661642,11.0,1.9688867282450169,147.22099999999998,0.7656781720952844,224.09827313767516,8.714146815751093
random,333,3199,0.0179183473700264,48.067574137092855,0.27586209774017334,4.76421973748177,0.7241379022598267,95.23578026251823,1.0,79.42391832766165,24.0,71.0379192999514,332.32099999999997,69.85901798736023,573.3733808161466,74.02771025765679
random,333,4809,0.03167910039333677,72.71511910549344,0.8372092843055725,96.75498298492951,0.1627907007932663,3.245017015070491,0.0,29.423918327661642,22.0,61.95916383082158,296.32200000000006,57.04910063198834,230.5063925410162,9.880894506562955
random,333,2961,0.005262427667069303,16.929995138551288,1.0,99.10063198833252,0.0,0.8993680116674769,0.0,29.423918327661642,20.0,49.939231891103546,286.758,51.9931939718036,470.37721144788014,58.47107438016529
random,333,3828,0.05821551153099591,94.71317452600874,0.8125,95.60038891589694,0.1875,4.3996110841030625,0.0,29.423918327661642,39.0,98.60233349538163,571.2110000000001,99.10063198833252,383.76110213582876,42.54982984929509
random,333,1476,0.0311927029346295,71.8886728245017,0.4599999785423279,37.882839086047646,0.5400000214576721,62.11716091395236,1.0,79.42391832766165,22.0,61.95916383082158,296.322,56.951871657754005,382.3650737962524,42.331064657267866
random,333,2619,0.05674586649501501,94.00826446280992,0.5,46.12299465240642,0.5,53.87700534759359,0.0,29.423918327661642,16.0,22.593582887700535,213.324,18.49781234807973,202.8486087537763,5.578512396694215
random,333,1289,0.019357883471537107,50.91152163344677,0.2982456088066101,8.033543996110842,0.7017543911933899,91.96645600388916,0.0,29.423918327661642,21.0,56.29557608167234,288.343,52.77102576567817,234.5069948911952,10.439961108410307
random,333,939,0.006420340621853038,19.312105007292175,0.6304347515106201,69.26349052017501,0.3695652186870575,30.736509479824985,0.0,29.423918327661642,19.0,43.2912007778318,256.324,38.69713174526009,781.6035635627746,90.94555177442878
random,333,1621,0.04188833229427247,84.23675255226057,0.3500000238418579,17.245989304812834,0.6499999761581421,82.75401069518716,0.0,29.423918327661642,17.0,28.889158969372875,258.701,39.79095770539621,248.80728213311983,13.356830335439962
random,333,2540,0.018376257106919258,48.89402041808459,0.3518518805503845,17.634905201750122,0.6481481194496155,82.36509479824988,1.0,79.42391832766165,20.0,49.939231891103546,285.77399999999994,51.713660670879925,552.2784688393383,71.08653378706855
random,333,1731,0.013017461911304484,36.01118133203695,0.7560975551605225,89.01312591152163,0.24390244483947754,10.986874088478366,0.0,29.423918327661642,16.0,22.593582887700535,215.22699999999998,18.911035488575596,775.1144890941883,90.60525036460866
random,333,2704,0.02281374185450291,57.81477880408362,0.3333333134651184,14.110354885755955,0.6666666865348816,85.88964511424405,1.0,79.42391832766165,18.0,36.193485658726296,243.26200000000003,31.818181818181817,732.6895796439634,88.29606222654351
random,333,3159,0.030459043987111523,70.64900340301409,0.292682945728302,6.988332523091881,0.707317054271698,93.01166747690812,1.0,79.42391832766165,41.0,99.51385512882838,622.5840000000002,99.623237724842,883.2278435167477,94.83471074380165
random,333,2263,0.04572409219164053,87.39669421487604,0.7222222089767456,83.5683033543996,0.2777777910232544,16.43169664560039,0.0,29.423918327661642,22.0,61.95916383082158,323.41400000000004,67.20952843947497,332.0344006034919,32.00048614487117
random,333,3874,0.010546614711785085,30.007292173067572,0.36538463830947876,20.004861448711715,0.6346153616905212,79.99513855128828,0.0,29.423918327661642,21.0,56.29557608167234,282.38300000000004,50.72921730675741,234.51000197117986,10.464268351968887
random,333,710,0.010771741465040119,30.614973262032088,0.3913043737411499,25.036460865337872,0.6086956262588501,74.96353913466213,1.0,79.42391832766165,12.0,4.071463296062226,164.20399999999998,2.7224112785610113,947.3841273249369,96.41468157510938
random,333,4474,0.04915130205410023,89.77880408361692,0.24137932062149048,1.3247447739426348,0.7586206793785095,98.67525522605737,1.0,79.42391832766165,31.0,90.39863879436072,438.6610000000002,90.64171122994652,324.1378552134155,29.958677685950413
random,333,4063,0.0023088766251602166,8.835683033543997,0.529411792755127,51.64073894020418,0.47058823704719543,48.35926105979582,0.0,29.423918327661642,22.0,61.95916383082158,301.43,59.15167719980554,356.19333127319555,37.10500729217307
random,333,933,0.02155562847509429,55.408361691784144,0.44680851697921753,35.500729217306755,0.5531914830207825,64.49927078269324,1.0,79.42391832766165,18.0,36.193485658726296,244.246,32.109868740884785,605.7049736486133,77.91686922702965
random,333,2128,0.015073720007953484,40.84832280019446,0.5522388219833374,55.03159941662615,0.447761207818985,44.96840058337385,0.0,29.423918327661642,30.0,88.79436071949442,439.4550000000001,90.69032571706369,309.92218610458104,27.211959163830823
random,333,2111,0.004947707303761484,16.103548857559552,0.5263158082962036,51.105979581915406,0.4736842215061188,48.89402041808459,0.0,29.423918327661642,20.0,49.939231891103546,291.416,54.93437044239183,326.11748369430484,30.42051531356344
random,333,2195,0.0393174236919932,81.49003403014098,0.644444465637207,71.24453087019931,0.35555556416511536,28.75546912980068,0.0,29.423918327661642,24.0,71.0379192999514,339.822,72.55712202236266,409.46188131698534,47.119591638308215
random,365,4181,0.007481452231946406,23.089171974522294,0.6969696879386902,78.67466927976481,0.3030303120613098,21.32533072023518,0.0,30.05879470847624,15.0,17.1484566389025,210.22899999999998,16.92797648211661,1265.91111087437,97.66046055854973
random,365,1153,0.02271163827176459,63.853503184713375,0.2857142686843872,4.507594316511514,0.7142857313156128,95.49240568348849,1.0,80.05879470847623,21.0,56.295933365997065,297.338,57.202351788339044,313.5229161344598,11.37922586967173
random,365,3748,0.0006217586642933703,1.6536011758941693,0.7213114500045776,82.21460068593827,0.2786885201931,17.785399314061735,0.0,30.05879470847624,31.0,90.40911317981382,461.47600000000017,93.74081332680059,628.3869403417,59.3704066634003
random,365,2398,0.012785020318385798,38.17981381675649,0.5111111402511597,45.051445369916706,0.4888888895511627,54.948554630083294,0.0,30.05879470847624,18.0,36.21999020088192,242.24900000000002,31.259186673199412,776.3586521283346,75.6124448799608
random,365,871,0.013622001929271765,40.335619794218516,0.3500000238418579,15.017148456638902,0.6499999761581421,84.9828515433611,1.0,80.05879470847623,20.0,49.95100440960314,299.754,58.035276825085745,247.4539494352793,4.1278784909358155
random,365,3400,0.0586306713307605,98.02792748652621,0.6764705777168274,75.04899559039686,0.3235294222831726,24.951004409603136,0.0,30.05879470847624,16.0,22.648211660950516,216.32399999999998,19.463498285154333,673.3391737270141,64.66193042626163
random,365,2469,0.004635974564811685,14.171974522292993,0.800000011920929,94.21852033317002,0.20000000298023224,5.781479666829985,0.0,30.05879470847624,32.0,92.23419892209701,439.9420000000002,90.91131798138167,753.3297269811911,73.53013228809408
random,365,317,0.007383325365226456,22.9421852033317,0.761904776096344,89.30671239588438,0.2380952388048172,10.69328760411563,1.0,80.05879470847623,20.0,49.95100440960314,286.396,51.88633023027928,883.2929420738695,84.52964233219011
random,365,1254,0.021663595936783575,61.91817736403724,0.6363636255264282,68.29985301322881,0.3636363744735718,31.700146986771188,0.0,30.05879470847624,22.0,61.93042626163645,327.1839999999999,68.10387065164136,1014.2211084847656,91.31553160215581
random,365,1900,0.03267761830123417,80.85497305242528,0.43396228551864624,29.507594316511515,0.5660377144813538,70.49240568348849,1.0,80.05879470847623,24.0,71.00685938265556,332.27700000000004,69.7452229299363,821.9180546972605,79.43410093091622
random,365,1773,0.020921964094844037,60.25232729054385,0.574999988079071,57.141107300342966,0.42500001192092896,42.858892699657034,0.0,30.05879470847624,14.0,12.212150906418422,189.30200000000002,8.929446349828515,396.6071113193134,24.020088192062712
random,365,2720,0.00788971931469562,24.3875551200392,0.6170212626457214,65.10289073983341,0.38297873735427856,34.89710926016659,0.0,30.05879470847624,25.0,75.0857422831945,327.38300000000004,68.25085742283194,749.7828650793986,73.16266536011759
random,365,1607,0.022207128424239775,62.898089171974526,0.5116279125213623,45.22292993630573,0.4883720874786377,54.77707006369427,1.0,80.05879470847623,15.0,17.1484566389025,208.257,15.813326800587946,307.0650831199588,10.497305242528173
random,365,2185,0.02473572718319239,68.26310632043116,0.30909091234207153,7.6923076923076925,0.6909090876579285,92.3076923076923,1.0,80.05879470847623,21.0,56.295933365997065,278.351,49.093581577658014,1043.7508074167959,92.63841254287114
random,365,3216,0.0008777356903240108,2.46202841744243,1.0,99.09358157765801,0.0,0.9064184223419891,0.0,30.05879470847624,14.0,12.212150906418422,192.258,10.215580597746204,387.7840361096396,22.795198432141106
random,365,3116,0.047442848810253735,94.2062714355708,0.44615381956100464,31.66340029397354,0.5538461804389954,68.33659970602646,0.0,30.05879470847624,27.0,82.30034296913277,381.4970000000001,82.38608525232729,459.16937591956287,33.329250367466926
random,365,1000,0.017351804690295736,50.722684958353746,0.6458333730697632,69.70847623713865,0.3541666567325592,30.291523762861345,1.0,80.05879470847623,21.0,56.295933365997065,300.423,58.57422831945125,900.2984569734988,85.6810387065164
random,365,1569,0.016709916619709442,48.640372366487014,0.6785714626312256,75.31847133757962,0.3214285671710968,24.681528662420384,0.0,30.05879470847624,17.0,28.93189612934836,227.30700000000002,24.96325330720235,668.7851733876334,64.19647231749143
random,365,3330,0.04645001556196027,93.71631553160216,0.476190447807312,37.46937775600196,0.523809552192688,62.53062224399804,1.0,80.05879470847623,20.0,49.95100440960314,284.431,51.15139637432631,249.9372854587804,4.421852033317002
random,365,4130,0.04130248547053561,90.1641352278295,0.5692307949066162,55.609995100440955,0.4307692348957062,44.39000489955904,1.0,80.05879470847623,30.0,88.82900538951495,414.5700000000001,87.54287114159726,392.44209675622574,23.40764331210191
random,365,2976,0.015219581475579003,44.524742773150415,0.7592592239379883,88.98824105830475,0.24074074625968933,11.011758941695247,0.0,30.05879470847624,30.0,88.82900538951495,414.8480000000001,87.64086232239099,584.2717949571439,52.75600195982362
random,365,1304,0.0012200041716572407,3.7604115629593338,0.686274528503418,76.64135227829495,0.3137255012989044,23.358647721705047,1.0,80.05879470847623,21.0,56.295933365997065,282.295,50.48995590396864,398.697615729082,24.338559529642332
random,365,4399,0.00201997573679924,6.528662420382165,0.6888889074325562,77.2170504654581,0.31111112236976624,22.782949534541892,0.0,30.05879470847624,24.0,71.00685938265556,352.73900000000003,76.59235668789809,1015.03043281403,91.3890249877511
random,365,3502,0.0013836099369711752,4.3728564429201375,0.4615384340286255,34.62763351298383,0.5384615659713745,65.37236648701617,0.0,30.05879470847624,21.0,56.295933365997065,366.2360000000001,79.37285644292014,979.6230888704595,89.96815286624204
random,365,533,0.015449241668893166,45.4311611954924,0.25641024112701416,1.874081332680059,0.7435897588729858,98.12591866731995,0.0,30.05879470847624,16.0,22.648211660950516,221.34399999999994,21.63155316021558,318.741596476582,12.18765311121999
random,365,1020,0.009717996754971092,29.89955903968643,0.6792452931404114,75.3797158255757,0.3207547068595886,24.6202841744243,0.0,30.05879470847624,21.0,56.295933365997065,346.26800000000003,74.63253307202352,1085.7540274451442,94.18177364037237
random,365,4452,0.02916496439163918,76.15139637432631,0.5,42.858892699657034,0.5,57.141107300342966,0.0,30.05879470847624,20.0,49.95100440960314,266.38800000000003,43.50808427241548,452.213968033712,32.44732974032337
random,365,2916,0.01998557962855374,57.38608525232729,0.3692307472229004,17.85889269965703,0.6307692527770996,82.14110730034297,1.0,80.05879470847623,32.0,92.23419892209701,472.6320000000002,94.32876041156297,549.730800869541,46.99902008819206
random,365,3226,0.008180789101445929,25.489955903968642,0.32692307233810425,10.779029887310141,0.6730769276618958,89.22097011268986,1.0,80.05879470847623,20.0,49.95100440960314,330.225,68.98579127878492,1125.5931065472691,95.33317001469868
random,365,3850,0.0027341728354461914,8.806957373836354,0.25333333015441895,1.5311121999020088,0.746666669845581,98.46888780009799,1.0,80.05879470847623,24.0,71.00685938265556,344.57100000000014,74.0813326800588,932.8738257720624,87.61636452719254
random,365,767,0.006529900977820358,19.904458598726116,0.6071428656578064,63.11856932876041,0.3928571343421936,36.88143067123959,0.0,30.05879470847624,21.0,56.295933365997065,346.2680000000001,74.65703086722195,1076.7192595838496,93.91229789318962
random,365,3603,0.014955198299726802,43.88780009799118,0.5416666269302368,50.89416952474277,0.4583333432674408,49.10583047525723,1.0,80.05879470847623,19.0,43.31210191082803,270.25,45.10044096031357,1333.7424415787552,98.39539441450269
random,397,2710,0.04014630192903679,71.69135802469135,0.609375,61.98765432098765,0.390625,38.01234567901234,0.0,31.17283950617284,34.0,95.64197530864197,453.53800000000007,92.50617283950618,489.05193067967144,37.71604938271605
random,397,282,0.010532677634438214,23.91358024691358,0.5961538553237915,59.123456790123456,0.4038461446762085,40.876543209876544,0.0,31.17283950617284,25.0,75.04938271604938,336.52299999999997,71.58024691358025,479.53449803043935,36.48148148148148
random,397,1674,0.015215695353687941,32.95061728395062,0.6274509429931641,65.22222222222223,0.37254902720451355,34.77777777777778,1.0,81.17283950617285,24.0,70.98765432098766,318.33200000000005,65.55555555555556,380.93479022797146,18.728395061728396
random,397,4093,0.02603039190631362,51.22222222222222,0.27272725105285645,3.0123456790123457,0.7272727489471436,96.98765432098766,1.0,81.17283950617285,27.0,82.2962962962963,443.321,91.25925925925927,349.9406164249445,13.790123456790123
random,397,4480,0.008564847816878829,19.074074074074073,0.4878048896789551,37.54320987654321,0.5121951103210449,62.456790123456784,1.0,81.17283950617285,15.0,17.209876543209877,231.31699999999998,26.469135802469136,288.9801362958712,5.345679012345679
random,397,4062,0.005213899004119837,11.88888888888889,0.6829268336296082,74.4320987654321,0.31707316637039185,25.567901234567902,0.0,31.17283950617284,25.0,75.04938271604938,332.399,70.0246913580247,426.9053248862921,27.0
random,397,711,0.001642170912525165,3.8641975308641974,0.75,85.96296296296296,0.25,14.037037037037036,0.0,31.17283950617284,12.0,4.074074074074074,164.20399999999998,2.7037037037037037,1160.765014347975,93.22222222222221
random,397,1183,0.0642306117335042,92.65432098765433,0.6507936716079712,69.1358024691358,0.3492063581943512,30.864197530864196,0.0,31.17283950617284,34.0,95.64197530864197,453.5380000000002,92.54320987654322,452.1710520190104,31.839506172839506
random,397,873,0.004044160245634476,9.320987654320987,0.6274509429931641,65.22222222222223,0.37254902720451355,34.77777777777778,0.0,31.17283950617284,22.0,61.88888888888889,316.4220000000001,64.69135802469135,1124.2761106891742,92.06172839506172
random,397,2393,0.04168667767457257,73.46913580246913,0.5,40.81481481481482,0.5,59.18518518518518,1.0,81.17283950617285,18.0,36.32098765432099,237.30200000000002,28.370370370370367,393.50713383233034,21.14814814814815
random,397,2388,0.022552986197120317,45.74074074074074,0.8095238208770752,94.5925925925926,0.190476194024086,5.407407407407407,0.0,31.17283950617284,20.0,50.061728395061735,274.316,46.913580246913575,443.36996228813825,29.864197530864196
random,397,2280,0.02410558644412719,48.48148148148148,0.604651153087616,60.88888888888889,0.39534884691238403,39.111111111111114,0.0,31.17283950617284,20.0,50.061728395061735,266.34,43.407407407407405,1075.747008226521,90.33333333333333
random,397,246,0.011440923864012298,25.74074074074074,0.5588235259056091,51.580246913580254,0.44117647409439087,48.41975308641975,1.0,81.17283950617285,13.0,7.567901234567902,180.22199999999998,7.012345679012346,585.927786433129,52.58024691358024
random,397,883,0.03811221352804861,69.12345679012346,0.30188679695129395,6.271604938271605,0.698113203048706,93.72839506172839,1.0,81.17283950617285,18.0,36.32098765432099,246.34999999999994,33.85185185185185,357.5339693925809,15.148148148148149
random,397,1563,0.012187664359073147,27.543209876543212,0.625,64.80246913580247,0.375,35.19753086419753,0.0,31.17283950617284,20.0,50.061728395061735,269.388,44.95061728395061,555.101369837452,48.77777777777778
random,397,4430,0.006335838100729019,14.555555555555555,0.8305084705352783,96.11111111111111,0.16949152946472168,3.888888888888889,0.0,31.17283950617284,29.0,86.93827160493827,423.89700000000005,89.01234567901236,386.2982363067081,19.962962962962962
random,397,1717,0.010328109869331303,23.54320987654321,0.6097561120986938,62.07407407407407,0.39024388790130615,37.925925925925924,0.0,31.17283950617284,18.0,36.32098765432099,271.382,45.95061728395062,465.85161231627956,34.11111111111111
random,397,1710,0.030124105421525882,57.04938271604938,0.7659574747085571,88.85185185185185,0.23404255509376526,11.148148148148149,0.0,31.17283950617284,23.0,66.88888888888889,306.321,60.88888888888889,439.4470354797239,29.074074074074076
random,397,1956,0.040959503986537915,72.55555555555556,0.7027027010917664,77.93827160493827,0.29729729890823364,22.061728395061728,0.0,31.17283950617284,15.0,17.209876543209877,206.26000000000002,15.185185185185185,465.2122554242938,34.06172839506173
random,397,1873,0.011109267205960172,25.123456790123456,0.5,40.81481481481482,0.5,59.18518518518518,0.0,31.17283950617284,13.0,7.567901234567902,200.66499999999996,12.814814814814815,916.0963912555633,83.14814814814815
random,397,2967,0.021299426960125545,43.98765432098766,0.4901960492134094,38.79012345679012,0.5098039507865906,61.20987654320987,1.0,81.17283950617285,24.0,70.98765432098766,307.396,61.59259259259259,1090.174339348967,90.70370370370371
random,397,1685,0.005897944979451619,13.518518518518519,0.6470588445663452,68.44444444444444,0.3529411852359772,31.555555555555554,0.0,31.17283950617284,18.0,36.32098765432099,271.382,45.95061728395062,472.9157332693809,35.41975308641975
random,397,4779,0.0014626266891083484,3.3950617283950617,0.6567164063453674,70.08641975308642,0.34328359365463257,29.91358024691358,0.0,31.17283950617284,33.0,94.20987654320989,496.12400000000014,96.44444444444444,1402.8436494978384,97.39506172839506
random,397,4683,0.041983824084989574,73.88888888888889,0.4285714030265808,26.60493827160494,0.5714285969734192,73.39506172839506,1.0,81.17283950617285,24.0,70.98765432098766,441.3530000000003,90.95061728395062,532.6914454555304,45.04938271604939
random,397,2340,0.03725703784217704,67.96296296296296,0.4883720874786377,37.901234567901234,0.5116279125213623,62.098765432098766,0.0,31.17283950617284,16.0,22.703703703703702,210.28,17.209876543209877,376.9375017503496,18.209876543209877
random,397,682,0.008620594767387968,19.296296296296298,0.5405405759811401,48.81481481481482,0.45945945382118225,51.18518518518519,1.0,81.17283950617285,12.0,4.074074074074074,166.176,3.4074074074074074,956.5676781825563,84.92592592592592
random,397,2117,0.016333609314726716,34.80246913580247,0.7058823108673096,78.5679012345679,0.29411765933036804,21.432098765432098,0.0,31.17283950617284,13.0,7.567901234567902,177.20299999999995,5.6419753086419755,315.57823998085803,8.62962962962963
random,397,2611,0.03105336956933258,58.45679012345679,0.47058820724487305,34.04938271604938,0.529411792755127,65.95061728395062,1.0,81.17283950617285,20.0,50.061728395061735,268.331,44.54320987654321,669.4651272668746,63.02469135802469
random,397,376,0.0018485433294652687,4.407407407407407,1.0,99.04938271604938,0.0,0.9506172839506173,0.0,31.17283950617284,19.0,43.44444444444445,263.4249999999999,42.24691358024691,516.2206616882376,42.333333333333336
random,397,4639,0.032608008091178475,60.876543209876544,0.5526316165924072,50.33333333333333,0.44736841320991516,49.666666666666664,0.0,31.17283950617284,18.0,36.32098765432099,234.34199999999998,27.629629629629633,286.475292846064,5.049382716049382
random,397,4650,0.025755168455828925,50.92592592592593,0.674418568611145,73.12345679012346,0.3255814015865326,26.87654320987654,0.0,31.17283950617284,17.0,28.999999999999996,234.251,27.358024691358025,490.6701219163195,38.18518518518518
random,397,4570,0.012304277557118715,27.913580246913583,0.3333333134651184,11.160493827160494,0.6666666865348816,88.8395061728395,0.0,31.17283950617284,19.0,43.44444444444445,259.43699999999995,40.74074074074074,423.8170070143609,26.45679012345679
raw_gradient_lcmd,333,2577,0.023068967473518276,58.252309188138064,0.45652174949645996,37.311618862421,0.54347825050354,62.688381137579,0.0,29.423918327661642,23.0,66.94214876033058,320.30999999999995,66.164316966456,1388.8528938077002,99.69615945551774
raw_gradient_lcmd,333,1097,0.008609768852053445,25.04861448711716,0.3913043737411499,25.036460865337872,0.6086956262588501,74.96353913466213,1.0,79.42391832766165,18.0,36.193485658726296,241.29000000000002,30.529897909577052,1025.4487297390447,97.65435099659699
raw_gradient_lcmd,333,1911,0.028749180594319967,67.95089936801166,0.30434781312942505,9.10306271268838,0.695652186870575,90.89693728731162,0.0,29.423918327661642,17.0,28.889158969372875,246.22799999999998,33.47107438016529,869.579177894197,94.59163830821585
raw_gradient_lcmd,333,1029,0.014309020593460842,38.9280505590666,0.3863636255264282,24.282936315021878,0.6136363744735718,75.71706368497813,0.0,29.423918327661642,14.0,12.20223626640739,216.664,19.518716577540108,949.5255106750781,96.51191054934371
raw_gradient_lcmd,333,901,0.007754023858499326,22.666504618376276,0.3684210777282715,20.563928050559067,0.6315789222717285,79.43607194944093,1.0,79.42391832766165,13.0,7.523091881380652,176.215,5.189596499756927,918.7963989637459,95.78269324258629
raw_gradient_lcmd,333,3758,0.008509936735721535,24.781234807972776,0.6326530575752258,69.6524064171123,0.36734694242477417,30.3475935828877,0.0,29.423918327661642,22.0,61.95916383082158,319.40099999999995,65.94555177442878,907.2872357382563,95.46669907632474
raw_gradient_lcmd,333,3524,0.020414572443435808,53.17209528439475,0.3265306353569031,12.67622751579971,0.6734693646430969,87.32377248420029,1.0,79.42391832766165,19.0,43.2912007778318,258.31699999999995,39.632960622265436,773.2531585543153,90.48371414681576
raw_gradient_lcmd,333,4176,0.004500951958456012,15.058337384540593,0.5405405759811401,53.53670393777345,0.45945945382118225,46.46329606222655,0.0,29.423918327661642,18.0,36.193485658726296,261.70799999999997,41.49246475449684,882.4139693721443,94.81040350024307
raw_gradient_lcmd,333,4525,0.031118743965951712,71.81575109382597,0.3999999761581421,26.47058823529412,0.6000000238418579,73.52941176470588,1.0,79.42391832766165,13.0,7.523091881380652,178.231,6.149732620320856,744.202188950187,89.07389402041808
raw_gradient_lcmd,333,2684,0.021393394412746347,55.16528925619835,0.45454543828964233,36.99562469615946,0.5454545617103577,63.00437530384054,0.0,29.423918327661642,22.0,61.95916383082158,301.34200000000004,58.969372873116185,1278.0543637556684,99.30724355858047
raw_gradient_lcmd,333,900,0.008974629750976293,25.9965969859018,0.3684210777282715,20.563928050559067,0.6315789222717285,79.43607194944093,1.0,79.42391832766165,13.0,7.523091881380652,176.215,5.189596499756927,817.3935994411258,92.86582401555663
raw_gradient_lcmd,333,3419,0.007210159275644279,20.989304812834224,0.37735849618911743,22.31404958677686,0.6226415038108826,77.68595041322314,0.0,29.423918327661642,14.0,12.20223626640739,194.23,10.731648031113272,1170.4980463582297,98.84540593096743
raw_gradient_lcmd,333,187,0.02415921405420829,60.22119591638309,0.5,46.12299465240642,0.5,53.87700534759359,0.0,29.423918327661642,18.0,36.193485658726296,238.30499999999998,28.87700534759358,742.6071906370585,88.95235780262519
raw_gradient_lcmd,333,3500,0.013197503982716241,36.27856101118133,0.5,46.12299465240642,0.5,53.87700534759359,1.0,79.42391832766165,29.0,86.87408847836655,379.4590000000001,81.89110354885756,901.4360737232998,95.2722411278561
raw_gradient_lcmd,333,1098,0.007541883652720682,21.985901798736023,0.3913043737411499,25.036460865337872,0.6086956262588501,74.96353913466213,1.0,79.42391832766165,18.0,36.193485658726296,241.29000000000002,30.529897909577052,936.3309455149775,96.07438016528926
raw_gradient_lcmd,333,3065,0.013893285476675232,38.077297034516285,0.7058823108673096,81.46572678658241,0.29411765933036804,18.5342732134176,0.0,29.423918327661642,19.0,43.2912007778318,259.28,39.985415653864855,1193.531946052305,98.91832766164316
raw_gradient_lcmd,333,1010,0.015011858389970434,40.653864851725814,0.3469387888908386,16.346621293145358,0.6530612111091614,83.65337870685464,1.0,79.42391832766165,19.0,43.2912007778318,275.37300000000005,47.22897423432183,772.987023414145,90.45940690325716
raw_gradient_lcmd,333,964,0.023567026911876066,59.103062712688384,0.692307710647583,79.42391832766165,0.3076923191547394,20.576081672338358,0.0,29.423918327661642,21.0,56.29557608167234,285.362,51.251823043266896,1338.6805345105129,99.5017015070491
raw_gradient_lcmd,333,2292,0.012789612663178795,35.379192999513855,0.5471698045730591,54.43607194944094,0.4528301954269409,45.56392805055906,1.0,79.42391832766165,24.0,71.0379192999514,333.41200000000003,70.61254253767622,1213.703661409393,98.96694214876032
raw_gradient_lcmd,333,2168,0.012172852296935988,33.92075838599903,0.47058820724487305,39.9246475449684,0.529411792755127,60.07535245503159,1.0,79.42391832766165,14.0,12.20223626640739,210.66000000000003,17.282450170150703,723.5918683479493,87.61545940690326
raw_gradient_lcmd,333,3463,0.0069523082619753485,20.405930967428294,0.31147539615631104,10.269810403500243,0.688524603843689,89.73018959649976,1.0,79.42391832766165,20.0,49.939231891103546,278.304,48.74817695673311,997.6178511042135,97.31404958677686
raw_gradient_lcmd,333,717,0.0077550042924205975,22.690811861934858,0.6458333730697632,71.59698590179873,0.3541666567325592,28.40301409820126,1.0,79.42391832766165,21.0,56.29557608167234,304.386,60.33057851239669,738.3549345755425,88.61205639280506
raw_gradient_lcmd,333,1004,0.005089362213278159,16.541079241614,0.6176470518112183,67.13660670879922,0.38235294818878174,32.86339329120078,0.0,29.423918327661642,12.0,4.071463296062226,186.63799999999998,7.7661643169664565,686.8280819560866,85.50072921730676
raw_gradient_lcmd,333,3731,0.013371616444948664,36.6917841516772,0.3191489577293396,11.278561011181331,0.6808510422706604,88.72143898881866,1.0,79.42391832766165,17.0,28.889158969372875,244.216,32.06125425376762,832.5075944255522,93.27904715605251
raw_gradient_lcmd,333,3367,0.01407773804955248,38.36898395721925,0.4909090995788574,44.67671366067088,0.5090909004211426,55.32328633932912,1.0,79.42391832766165,25.0,75.12153621779291,341.363,72.70296548371414,1013.8697941682375,97.5328147788041
raw_gradient_lcmd,333,3589,0.007210048882163922,20.964997569275646,0.4615384340286255,38.27175498298493,0.5384615659713745,61.72824501701507,0.0,29.423918327661642,14.0,12.20223626640739,194.22999999999996,10.65872630043753,974.4182746827217,96.97374817695673
raw_gradient_lcmd,333,682,0.007238188236242893,21.086533787068547,0.3720930218696594,21.268838113757898,0.6279069781303406,78.73116188624209,1.0,79.42391832766165,12.0,4.071463296062226,166.176,3.4273213417598445,836.9732151592824,93.47350510452115
raw_gradient_lcmd,333,3596,0.03631900251133313,78.06271268838114,0.30379748344421387,8.920758385999028,0.6962025165557861,91.07924161400098,1.0,79.42391832766165,39.0,98.60233349538163,667.4190000000002,99.96353913466213,1250.8066439258876,99.23432182790471
raw_gradient_lcmd,333,1859,0.008032057600536602,23.468643655809434,0.5,46.12299465240642,0.5,53.87700534759359,1.0,79.42391832766165,19.0,43.2912007778318,257.24499999999995,38.96451142440448,1034.473642072152,97.77588721438988
raw_gradient_lcmd,333,4938,0.020282939298231994,52.88040836169179,0.3571428656578064,18.58288770053476,0.6428571343421936,81.41711229946524,1.0,79.42391832766165,21.0,56.29557608167234,292.375,55.35974720466699,706.1960203951288,86.74039863879436
raw_gradient_lcmd,333,2848,0.012961934819251897,35.865337870685465,0.25,1.8959649975692758,0.75,98.10403500243072,1.0,79.42391832766165,22.0,61.95916383082158,324.32300000000004,67.57413709285368,777.9120297159093,90.72678658240156
raw_gradient_lcmd,333,838,0.015790022938557025,42.64705882352941,0.5,46.12299465240642,0.5,53.87700534759359,0.0,29.423918327661642,20.0,49.939231891103546,273.35100000000006,46.66990763247448,756.7061698626931,89.77880408361692
raw_gradient_lcmd,365,2177,0.013505507443866804,25.22048015678589,0.39534884691238403,22.525722684958353,0.604651153087616,77.47427731504165,1.0,80.97746202841745,19.0,43.21411073003429,274.38500000000005,46.85203331700147,1293.2708816611698,99.59578637922587
raw_gradient_lcmd,365,1059,0.02497756269843565,42.49142577168055,0.4259259104728699,28.95639392454679,0.5740740895271301,71.04360607545321,1.0,80.97746202841745,34.0,95.65164135227829,449.59400000000016,92.08721215090641,1462.9541865607048,99.96325330720235
raw_gradient_lcmd,365,890,0.02581468112064389,43.59382655560999,0.2708333134651184,3.282704556589907,0.7291666865348816,96.7172954434101,1.0,80.97746202841745,16.0,22.550220480156785,217.31199999999993,19.769720725134736,1080.0859061887083,98.27290543851053
raw_gradient_lcmd,365,567,0.043889150371652974,64.66193042626163,0.7674418687820435,89.96815286624204,0.23255814611911774,10.031847133757962,0.0,30.977462028417442,25.0,74.98775110240078,405.28800000000007,85.92601665850074,967.7372968576092,96.68054875061245
raw_gradient_lcmd,365,505,0.09201853194885101,96.656050955414,0.2115384340286255,0.34296913277804997,0.7884615659713745,99.65703086722195,1.0,80.97746202841745,45.0,99.8530132288094,632.5760000000001,99.73052425281725,968.2351519837567,96.70504654581087
raw_gradient_lcmd,365,2797,0.07650777886706761,91.31553160215581,0.3035714030265808,7.533072023517883,0.6964285969734192,92.46692797648211,1.0,80.97746202841745,28.0,84.77462028417443,399.334,85.39931406173444,1250.6854819734108,99.49779519843214
raw_gradient_lcmd,365,895,0.030386064301532123,49.277315041646254,0.4358974099159241,30.585497305242527,0.5641025900840759,69.41450269475747,0.0,30.977462028417442,12.0,4.078882900538951,163.21999999999997,2.547770700636943,1147.7946900023778,98.98334149926507
raw_gradient_lcmd,365,4692,0.07496468299837389,90.6295933365997,0.45652174949645996,34.590886820186185,0.54347825050354,65.40911317981382,0.0,30.977462028417442,16.0,22.550220480156785,221.319,21.435570798628124,727.5708392696662,85.75453209211172
raw_gradient_lcmd,365,801,0.01819330225686877,33.2312591866732,0.5800000429153442,57.26359627633513,0.41999998688697815,42.736403723664864,0.0,30.977462028417442,22.0,61.82018618324351,316.4220000000001,64.52719255267027,1120.6767849989228,98.68936795688387
raw_gradient_lcmd,365,3072,0.022723208865830236,39.674179323860855,0.4166666865348816,27.02106810387065,0.5833333134651184,72.97893189612935,0.0,30.977462028417442,20.0,49.84076433121019,272.29999999999995,45.85987261146497,930.0101422067845,95.84762371386574
raw_gradient_lcmd,365,117,0.01710550397827182,31.393924546790792,0.5106382966041565,44.67172954434101,0.4893617033958435,55.32827045565899,1.0,80.97746202841745,21.0,56.18569328760411,308.44300000000004,61.734443900048994,1003.5575690910223,97.29299363057325
raw_gradient_lcmd,365,2835,0.027698652581418903,45.94561489465948,0.7045454978942871,79.69132778049975,0.2954545319080353,20.308672219500245,0.0,30.977462028417442,23.0,66.79323860852523,329.46500000000003,68.74081332680059,830.8237692867331,92.71190592846644
raw_gradient_lcmd,365,623,0.03511566724520987,54.64233219010289,0.3999999761581421,23.285154336109752,0.6000000238418579,76.71484566389026,0.0,30.977462028417442,19.0,43.21411073003429,259.349,40.078392944634984,660.8008075519245,79.6545810877021
raw_gradient_lcmd,365,710,0.005017711164455485,9.468397844194023,0.4285714030265808,29.48309652131308,0.5714285969734192,70.51690347868693,1.0,80.97746202841745,12.0,4.078882900538951,164.20399999999998,2.7437530622243997,1195.0999040507497,99.30181283684469
raw_gradient_lcmd,365,3565,0.021009453626637087,37.077413032827046,0.6129032373428345,63.6452719255267,0.3870967626571655,36.3547280744733,0.0,30.977462028417442,13.0,7.496325330720236,182.219,7.300342969132778,896.4124241177279,94.8922097011269
raw_gradient_lcmd,365,976,0.030063379598684326,48.95884370406664,0.41860467195510864,27.52327290543851,0.5813953280448914,72.47672709456148,1.0,80.97746202841745,24.0,70.89661930426261,312.41200000000003,63.20431161195492,1356.9798717470917,99.7672709456149
raw_gradient_lcmd,365,3494,0.05131263106042083,73.33414992650663,0.3333333134651184,12.297893189612935,0.6666666865348816,87.70210681038706,1.0,80.97746202841745,16.0,22.550220480156785,215.29599999999996,18.949044585987263,614.3034460838335,74.26506614404703
raw_gradient_lcmd,365,3802,0.02471479272923227,42.17295443410093,0.3999999761581421,23.285154336109752,0.6000000238418579,76.71484566389026,1.0,80.97746202841745,19.0,43.21411073003429,256.38899999999995,38.76776090151886,852.7007439740473,93.52033317001471
raw_gradient_lcmd,365,879,0.01255116104673426,23.23615874571289,0.41463416814804077,26.59235668789809,0.5853658318519592,73.40764331210191,0.0,30.977462028417442,14.0,12.12640862322391,189.21400000000003,8.684468397844194,1045.8974456951714,97.7829495345419
raw_gradient_lcmd,365,4188,0.03676972816196433,56.4796668299853,0.4399999976158142,31.33268005879471,0.5600000023841858,68.66731994120529,1.0,80.97746202841745,18.0,36.158745712885846,256.223,38.437040666340025,575.5851155422777,69.5124938755512
raw_gradient_lcmd,365,873,0.006720987625220887,12.55512003919647,0.6274509429931641,66.16854483096522,0.37254902720451355,33.83145516903478,0.0,30.977462028417442,22.0,61.82018618324351,316.4220000000001,64.52719255267027,1136.9146585186147,98.8608525232729
raw_gradient_lcmd,365,2496,0.060313901665308145,81.0264576188143,0.3333333134651184,12.297893189612935,0.6666666865348816,87.70210681038706,1.0,80.97746202841745,35.0,96.58255756981872,474.6760000000002,94.61048505634493,1100.6764210708473,98.41989220970113
raw_gradient_lcmd,365,1018,0.010959779996601027,20.1984321411073,0.40909093618392944,25.46545810877021,0.5909090638160706,74.5345418912298,0.0,30.977462028417442,20.0,49.84076433121019,265.312,42.72415482606565,1162.4707142123184,99.17932386085252
raw_gradient_lcmd,365,4841,0.06939556307565731,88.47378735913767,0.3333333134651184,12.297893189612935,0.6666666865348816,87.70210681038706,1.0,80.97746202841745,27.0,82.20235178833904,352.45200000000006,76.28613424791769,978.0209246806991,96.99902008819207
raw_gradient_lcmd,365,1840,0.013235018982136859,24.65703086722195,0.2982456088066101,6.896129348358649,0.7017543911933899,93.10387065164136,0.0,30.977462028417442,15.0,17.02596766291034,201.269,12.898089171974522,700.2339052392798,83.35374816266537
raw_gradient_lcmd,365,3077,0.017667445145951866,32.30034296913278,0.2857142686843872,5.034296913277805,0.7142857313156128,94.9657030867222,1.0,80.97746202841745,19.0,43.21411073003429,252.313,35.71778539931406,1057.8135712666171,98.07692307692307
raw_gradient_lcmd,365,4873,0.04301968796267408,63.51053405193533,0.2857142686843872,5.034296913277805,0.7142857313156128,94.9657030867222,1.0,80.97746202841745,28.0,84.77462028417443,403.322,85.828025477707,1391.1860346850704,99.81626653601175
raw_gradient_lcmd,365,2664,0.012948057538402669,24.09358157765801,0.46666663885116577,36.24448799608035,0.5333333611488342,63.75551200391965,0.0,30.977462028417442,17.0,28.87065164135228,228.291,25.171484566389026,1226.6390466966525,99.39980401763842
raw_gradient_lcmd,365,4876,0.058263359138561066,79.48309652131307,0.4464285969734192,32.58206761391475,0.5535714030265808,67.41793238608525,1.0,80.97746202841745,29.0,86.80793728564429,406.865,86.23223909848113,596.9237424097788,72.69720725134738
raw_gradient_lcmd,365,989,0.055634879095052825,77.30279274865262,0.3255813717842102,10.926016658500735,0.6744186282157898,89.07398334149926,1.0,80.97746202841745,26.0,78.89514943655071,339.39400000000006,72.31749142577169,748.3688098865908,87.46937775600196
raw_gradient_lcmd,365,3401,0.02724744109857513,45.4311611954924,0.4878048896789551,40.31112199902009,0.5121951103210449,59.68887800097992,0.0,30.977462028417442,16.0,22.550220480156785,221.29999999999998,21.34982851543361,969.8998627416419,96.75404213620774
raw_gradient_lcmd,365,810,0.007445530297653158,14.0249877511024,0.6363636255264282,67.73640372366488,0.3636363744735718,32.263596276335136,0.0,30.977462028417442,13.0,7.496325330720236,178.23099999999997,5.903968642822146,975.4156802796767,96.97452229299363
raw_gradient_lcmd,397,1007,0.033672405257840765,57.074074074074076,0.307692289352417,7.28395061728395,0.692307710647583,92.71604938271605,1.0,81.79012345679013,28.0,84.77777777777777,369.4640000000001,79.9753086419753,1326.4517086080625,99.61728395061729
raw_gradient_lcmd,397,3905,0.028180168938460315,49.592592592592595,0.5510203838348389,49.37037037037037,0.44897958636283875,50.629629629629626,0.0,31.790123456790127,22.0,61.81481481481481,314.25899999999996,63.50617283950617,1799.4049574422202,99.93827160493827
raw_gradient_lcmd,397,1910,0.04211426912745275,67.98765432098766,0.7575757503509521,87.70370370370371,0.24242424964904785,12.296296296296298,0.0,31.790123456790127,17.0,28.839506172839506,246.22799999999998,33.395061728395056,1104.393704037265,98.50617283950616
raw_gradient_lcmd,397,3376,0.013036385339853296,23.938271604938272,0.40909093618392944,23.209876543209877,0.5909090638160706,76.79012345679013,1.0,81.79012345679013,16.0,22.530864197530864,324.16100000000006,67.30864197530865,1233.3166018785682,99.34567901234568
raw_gradient_lcmd,397,3595,0.024869781525048817,44.08641975308642,0.3396226167678833,11.604938271604938,0.6603773832321167,88.39506172839506,1.0,81.79012345679013,22.0,61.81481481481481,319.3820000000001,65.75308641975309,1059.9050442847322,98.01234567901234
raw_gradient_lcmd,397,335,0.016741637590169445,31.074074074074076,0.25806450843811035,1.7901234567901234,0.7419354915618896,98.20987654320987,1.0,81.79012345679013,23.0,66.79012345679011,323.289,66.8641975308642,1057.5884360368896,97.98765432098764
raw_gradient_lcmd,397,2055,0.033811802275962144,57.2962962962963,0.3272727131843567,10.012345679012345,0.6727272868156433,89.98765432098766,1.0,81.79012345679013,21.0,56.17283950617284,277.36699999999996,48.32098765432099,1165.3317494995313,98.92592592592592
raw_gradient_lcmd,397,3132,0.010215168907081518,19.074074074074073,0.692307710647583,76.28395061728395,0.3076923191547394,23.71604938271605,0.0,31.790123456790127,20.0,49.81481481481482,271.316,45.567901234567906,1430.1802549851097,99.81481481481481
raw_gradient_lcmd,397,503,0.029330016392239422,51.197530864197525,0.2711864113807678,3.049382716049383,0.7288135886192322,96.9506172839506,1.0,81.79012345679013,21.0,56.17283950617284,295.26000000000005,56.32098765432099,1004.8331762152982,97.22222222222221
raw_gradient_lcmd,397,4707,0.010314897660025801,19.37037037037037,0.44615381956100464,29.54320987654321,0.5538461804389954,70.4567901234568,1.0,81.79012345679013,28.0,84.77777777777777,409.53200000000004,86.76543209876543,954.5439509462353,95.86419753086419
raw_gradient_lcmd,397,4805,0.026654089629598143,46.82716049382716,0.523809552192688,44.58024691358025,0.4761904776096344,55.41975308641975,0.0,31.790123456790127,16.0,22.530864197530864,214.31199999999998,18.71604938271605,973.6712555222535,96.4074074074074
raw_gradient_lcmd,397,2744,0.025625818012822155,45.19753086419753,0.7014925479888916,77.5925925925926,0.2985074520111084,22.407407407407405,0.0,31.790123456790127,33.0,94.25925925925925,435.5230000000001,90.20987654320987,1061.3128688231989,98.06172839506173
raw_gradient_lcmd,397,2820,0.03857497025146894,63.49382716049383,0.4482758641242981,30.11111111111111,0.5517241358757019,69.88888888888889,1.0,81.79012345679013,37.0,97.61728395061728,555.1210000000002,98.62962962962963,1048.422657689022,97.86419753086419
raw_gradient_lcmd,397,4241,0.030310439080634022,52.53086419753087,0.6122449040412903,61.66666666666667,0.3877550959587097,38.333333333333336,0.0,31.790123456790127,22.0,61.81481481481481,294.36899999999997,55.8641975308642,907.9236836106103,94.50617283950618
raw_gradient_lcmd,397,2911,0.010818899688353478,20.012345679012345,0.4791666865348816,36.0,0.5208333134651184,64.0,0.0,31.790123456790127,19.0,43.20987654320987,254.285,37.160493827160494,985.0296555419435,96.77777777777777
raw_gradient_lcmd,397,4297,0.05425554696146673,80.18518518518518,0.2799999713897705,4.074074074074074,0.7200000286102295,95.92592592592592,1.0,81.79012345679013,20.0,49.81481481481482,267.372,43.71604938271605,718.9534308977376,84.82716049382717
raw_gradient_lcmd,397,2954,0.05202658255101078,78.23456790123457,0.517241358757019,43.48148148148148,0.48275861144065857,56.518518518518526,0.0,31.790123456790127,21.0,56.17283950617284,285.38700000000006,51.33333333333333,1120.1295018112708,98.58024691358025
raw_gradient_lcmd,397,969,0.009628606862352007,18.135802469135804,0.31481480598449707,8.382716049382715,0.6851851940155029,91.61728395061728,1.0,81.79012345679013,20.0,49.81481481481482,299.17,57.55555555555556,2173.9926117660552,99.98765432098764
raw_gradient_lcmd,397,3122,0.05413568622865139,80.03703703703704,0.6610169410705566,70.5925925925926,0.33898305892944336,29.40740740740741,0.0,31.790123456790127,28.0,84.77777777777777,409.38500000000005,86.5679012345679,690.4175212790644,82.7283950617284
raw_gradient_lcmd,397,4671,0.038210469884146336,63.098765432098766,0.644444465637207,67.18518518518518,0.35555556416511536,32.81481481481482,0.0,31.790123456790127,22.0,61.81481481481481,294.36899999999997,55.8641975308642,881.1521991087753,93.74074074074073
raw_gradient_lcmd,397,3133,0.018116309648350426,33.567901234567906,0.6666666269302368,71.4320987654321,0.3333333432674408,28.5679012345679,0.0,31.790123456790127,20.0,49.81481481481482,271.316,45.567901234567906,901.9140623067957,94.30864197530863
raw_gradient_lcmd,397,955,0.0427360688179772,68.62962962962963,0.24324321746826172,1.0493827160493827,0.7567567825317383,98.95061728395062,0.0,31.790123456790127,16.0,22.530864197530864,213.28000000000003,18.271604938271604,761.9110102376426,87.98765432098764
raw_gradient_lcmd,397,2197,0.006064328069560809,10.506172839506172,0.6666666269302368,71.4320987654321,0.3333333432674408,28.5679012345679,0.0,31.790123456790127,20.0,49.81481481481482,271.316,45.567901234567906,1167.0782686206899,98.97530864197532
raw_gradient_lcmd,397,1126,0.0345070437141729,58.28395061728395,0.4736841917037964,34.629629629629626,0.5263158082962036,65.37037037037037,0.0,31.790123456790127,15.0,17.02469135802469,208.257,15.716049382716049,654.2658421166632,79.14814814814815
raw_gradient_lcmd,397,2674,0.04206948341850636,67.91358024691358,0.3695651888847351,16.19753086419753,0.6304348111152649,83.80246913580247,1.0,81.79012345679013,15.0,17.02469135802469,200.237,12.246913580246915,612.8523584561891,74.87654320987654
raw_gradient_lcmd,397,3737,0.04288326451403646,68.77777777777779,0.3454545736312866,12.45679012345679,0.6545454263687134,87.54320987654322,1.0,81.79012345679013,30.0,88.71604938271605,387.4820000000001,83.28395061728395,1157.1197731976104,98.85185185185185
raw_gradient_lcmd,397,1027,0.009673277452114992,18.185185185185183,0.5813953876495361,55.41975308641975,0.41860464215278625,44.58024691358025,0.0,31.790123456790127,17.0,28.839506172839506,298.13599999999997,57.28395061728395,1044.0821026245353,97.76543209876543
raw_gradient_lcmd,397,3953,0.03449726967538358,58.25925925925925,0.6724138259887695,72.33333333333334,0.32758620381355286,27.666666666666668,1.0,81.79012345679013,30.0,88.71604938271605,417.4860000000001,87.87654320987654,674.7542231053529,80.95061728395062
raw_gradient_lcmd,397,836,0.018533619963200132,34.456790123456784,0.3500000238418579,13.432098765432098,0.6499999761581421,86.5679012345679,0.0,31.790123456790127,16.0,22.530864197530864,211.26399999999998,17.432098765432098,989.3710163603732,96.97530864197532
raw_gradient_lcmd,397,2985,0.05149338155040217,77.71604938271605,0.30434781312942505,6.901234567901235,0.695652186870575,93.09876543209876,0.0,31.790123456790127,18.0,36.160493827160494,288.174,52.39506172839506,1104.0300664735364,98.4567901234568
raw_gradient_lcmd,397,1819,0.033330722346217145,56.7283950617284,0.27272725105285645,3.2098765432098766,0.7272727489471436,96.79012345679013,1.0,81.79012345679013,26.0,78.91358024691358,386.27800000000013,82.9506172839506,1328.714079458211,99.64197530864197
raw_gradient_lcmd,397,4455,0.026832284579947796,47.19753086419753,0.307692289352417,7.28395061728395,0.692307710647583,92.71604938271605,1.0,81.79012345679013,14.0,12.11111111111111,322.57300000000004,66.77777777777779,533.1723344102912,64.67901234567901
latent_coreset,333,4,0.1411119526942608,99.98784637822071,0.29411762952804565,7.207097715119105,0.7058823704719543,92.7929022848809,0.0,29.423918327661642,18.0,36.193485658726296,276.1509999999999,48.15264948954788,312.08134684827377,27.62518230432669
latent_coreset,333,2287,0.13541350348612669,99.96353913466213,0.2777777910232544,5.043753038405445,0.7222222089767456,94.95624696159456,1.0,79.42391832766165,24.0,71.0379192999514,339.4600000000001,72.5085075352455,313.57934374049756,27.989790957705395
latent_coreset,333,1128,0.11727690437773663,99.91492464754496,0.40909093618392944,28.64608653378707,0.5909090638160706,71.35391346621293,0.0,29.423918327661642,14.0,12.20223626640739,194.23000000000002,10.816723383568304,131.96790171311443,0.23091881380651433
latent_coreset,333,1183,0.09862567719869741,99.8663101604278,0.6507936716079712,72.66650461837627,0.3492063581943512,27.333495381623724,0.0,29.423918327661642,34.0,95.66115702479338,453.5380000000002,92.56198347107438,440.1098457812477,52.88040836169179
latent_coreset,333,3487,0.09838926202373,99.81769567331065,0.6052631139755249,64.94895478852698,0.3947368562221527,35.05104521147302,1.0,79.42391832766165,17.0,28.889158969372875,230.26299999999992,25.826446280991732,326.1130489608334,30.39620807000486
latent_coreset,333,1389,0.09776636751169587,99.79338842975206,0.5714285373687744,58.76276130286825,0.4285714328289032,41.237238697131744,1.0,79.42391832766165,27.0,82.29217306757414,362.4730000000001,78.77977637335925,411.73507799630016,47.75157997083131
latent_coreset,333,4462,0.0974914687943661,99.76908118619349,0.739130437374115,86.27856101118134,0.260869562625885,13.721438988818669,1.0,79.42391832766165,26.0,79.01069518716578,347.458,75.01215362177929,216.42560804916374,7.401555663587748
latent_coreset,333,1999,0.09719121918483609,99.72046669907633,0.30985915660858154,9.965969859017987,0.6901408433914185,90.03403014098201,0.0,29.423918327661642,26.0,79.01069518716578,389.483,83.64122508507535,254.9820129442357,14.718035974720467
latent_coreset,333,4637,0.09667952934701984,99.67185221195916,0.5555555820465088,55.68789499270783,0.4444444477558136,44.312105007292175,0.0,29.423918327661642,16.0,22.593582887700535,218.29599999999996,20.1507049100632,177.74077106249533,2.880408361691784
latent_coreset,333,4374,0.10550289868888874,99.8906174039864,0.36206895112991333,19.506562955760817,0.6379310488700867,80.49343704423919,1.0,79.42391832766165,27.0,82.29217306757414,362.42500000000007,78.7433155080214,286.97960445143644,22.010209042294605
latent_coreset,333,3930,0.09639778692571987,99.64754496840058,0.36986303329467773,20.989304812834224,0.6301369667053223,79.01069518716578,1.0,79.42391832766165,27.0,82.29217306757414,387.41300000000007,83.26446280991735,540.9045639045261,69.70102090422947
latent_coreset,333,1034,0.09548668336207589,99.623237724842,0.3333333134651184,14.110354885755955,0.6666666865348816,85.88964511424405,0.0,29.423918327661642,9.0,0.19445794846864364,133.147,0.2916869227029655,258.28775573705656,15.37433155080214
latent_coreset,333,3416,0.09446792459493636,99.59893048128342,0.5882352590560913,61.886242100145836,0.4117647111415863,38.11375789985416,1.0,79.42391832766165,40.0,99.1370928536704,530.5700000000003,97.90957705396208,740.6791174847147,88.83082158483228
latent_coreset,333,2340,0.09204223882712637,99.57462323772485,0.4523809552192688,36.545940690325715,0.5476190447807312,63.454059309674285,0.0,29.423918327661642,16.0,22.593582887700535,210.28,17.136606708799224,263.739915347448,16.395235780262517
latent_coreset,333,1681,0.09196542824262088,99.52600875060769,0.3333333134651184,14.110354885755955,0.6666666865348816,85.88964511424405,0.0,29.423918327661642,16.0,22.593582887700535,219.25900000000001,20.539620807000485,173.1518434957893,2.394263490520175
latent_coreset,333,4256,0.09180305631196573,99.5017015070491,0.38235294818878174,23.699562469615945,0.6176470518112183,76.30043753038406,0.0,29.423918327661642,12.0,4.071463296062226,161.248,2.236266407389402,156.19612311649607,1.0573650947982498
latent_coreset,333,3659,0.09106322204722539,99.47739426349051,0.5581395626068115,56.13757899854157,0.44186046719551086,43.862421001458436,1.0,79.42391832766165,25.0,75.12153621779291,343.42300000000006,73.32280019445795,279.21177347888744,20.18716577540107
latent_coreset,333,3330,0.0908815881791144,99.45308701993194,0.476190447807312,40.94555177442878,0.523809552192688,59.05444822557122,1.0,79.42391832766165,20.0,49.939231891103546,284.431,51.118133203694704,174.59371382709287,2.4671852211959164
latent_coreset,333,2791,0.09056435927328244,99.42877977637336,0.4871794581413269,43.12105007292173,0.5128205418586731,56.87894992707827,0.0,29.423918327661642,15.0,17.11229946524064,204.22500000000002,14.207583859990278,263.06412683284674,16.249392318911035
latent_coreset,333,4013,0.0876130510381854,99.28293631502187,0.7846153974533081,92.9144385026738,0.2153846174478531,7.0855614973262036,0.0,29.423918327661642,33.0,94.25133689839572,508.41600000000017,97.18035974720468,310.8495902827457,27.382109868740883
latent_coreset,333,2419,0.08542809839831011,99.18570734078756,0.1805555820465088,0.10938259601361207,0.8194444179534912,99.8906174039864,1.0,79.42391832766165,19.0,43.2912007778318,330.17800000000017,68.98395721925134,441.0172068130313,53.05055906660184
latent_coreset,333,2308,0.08497225711584477,99.11278561011181,0.22857141494750977,0.7292173067574137,0.7714285850524902,99.27078269324258,0.0,29.423918327661642,9.0,0.19445794846864364,148.58900000000003,0.9722897423432183,199.20833775831193,5.3597472046669905
latent_coreset,333,4884,0.0843835073861422,99.08847836655323,0.3488371968269348,16.929995138551288,0.6511628031730652,83.07000486144871,0.0,29.423918327661642,16.0,22.593582887700535,217.35599999999997,19.956246961594555,130.74357630783467,0.18230432668935342
latent_coreset,333,3400,0.08410848963499529,99.03986387943607,0.6764705777168274,76.70150704910064,0.3235294222831726,23.29849295089937,0.0,29.423918327661642,16.0,22.593582887700535,216.32399999999998,19.457948468643657,441.9153982123712,53.220709771511906
latent_coreset,333,2191,0.08409176391419104,99.01555663587749,0.3472222089767456,16.4195430238211,0.6527777910232544,83.5804569761789,1.0,79.42391832766165,28.0,84.84443364122508,411.445,87.00777831793874,249.0415752710672,13.454059309674282
latent_coreset,333,3179,0.08333284857632273,98.91832766164316,0.25757575035095215,2.5279533300923673,0.7424242496490479,97.47204666990763,1.0,79.42391832766165,34.0,95.66115702479338,613.2930000000001,99.55031599416625,682.4753962731862,85.0631988332523
latent_coreset,333,2004,0.08175442452802817,98.7481769567331,0.3166666626930237,11.011181332036948,0.6833333373069763,88.98881866796306,1.0,79.42391832766165,25.0,75.12153621779291,333.3910000000001,70.56392805055907,409.30000512905997,46.998055420515314
latent_coreset,333,1902,0.08169843034505975,98.72386971317452,0.3684210777282715,20.563928050559067,0.6315789222717285,79.43607194944093,1.0,79.42391832766165,26.0,79.01069518716578,342.4820000000001,73.16480311132717,225.96110766873628,9.200291686922704
latent_coreset,333,1742,0.08162797789414256,98.67525522605737,0.37254899740219116,21.487603305785125,0.6274510025978088,78.51239669421489,0.0,29.423918327661642,23.0,66.94214876033058,310.39300000000003,62.5546912980068,307.2658955200643,26.60427807486631
latent_coreset,333,3316,0.09674374290321974,99.69615945551774,0.38181817531585693,23.565872630043753,0.6181818246841431,76.43412736995626,1.0,79.42391832766165,37.0,97.60573650947983,507.65500000000026,97.1438988818668,608.2670805134869,78.18424890617403
latent_coreset,333,3481,0.080856784867954,98.62664073894021,0.3442623019218445,16.07924161400097,0.6557376980781555,83.92075838599902,1.0,79.42391832766165,28.0,84.84443364122508,372.464,80.7122022362664,280.03477801168486,20.478852698104035
latent_coreset,333,4806,0.08057157717709684,98.60233349538163,0.3617021441459656,19.324258629071466,0.6382978558540344,80.67574137092853,0.0,29.423918327661642,16.0,22.593582887700535,214.31199999999998,18.765192027224114,393.138820313913,44.05687894992708
latent_coreset,365,2379,0.11056697872944454,99.98775110240078,0.3166666626930237,10.007349338559528,0.6833333373069763,89.99265066144046,0.0,29.76482116609505,25.0,75.26947574718275,345.571,74.71827535521804,386.74449889213736,16.474767270945616
latent_coreset,365,3994,0.09809141428903345,99.93875551200392,0.37288135290145874,19.610485056344928,0.6271186470985413,80.38951494365507,1.0,79.76482116609506,39.0,98.61587457128859,519.6850000000002,97.52572268495835,443.0107169637081,23.579127878490937
latent_coreset,365,86,0.09776497719041366,99.9142577168055,0.34246575832366943,14.306712395884372,0.6575342416763306,85.69328760411562,1.0,79.76482116609506,47.0,99.96325330720235,662.6400000000002,99.92650661440472,1307.3280980310965,96.85203331700147
latent_coreset,365,3834,0.09354203340142686,99.86526212640862,0.28260868787765503,4.997550220480157,0.717391312122345,95.00244977951985,0.0,29.76482116609505,17.0,28.83390494855463,258.16099999999994,39.55169034786869,700.4804186148647,59.10093091621754
latent_coreset,365,2580,0.0934267320444716,99.84076433121018,0.32786887884140015,11.954924056834885,0.6721311211585999,88.04507594316512,1.0,79.76482116609506,20.0,49.97550220480157,270.41599999999994,45.51690347868692,471.7511666700637,27.743753062224403
latent_coreset,365,4208,0.08884823628505378,99.79176874081332,0.3611111044883728,17.295443410093092,0.6388888955116272,82.70455658990691,0.0,29.76482116609505,20.0,49.97550220480157,294.50399999999996,56.430671239588435,339.65379035546744,9.933855952964233
latent_coreset,365,1597,0.08777239538081472,99.71827535521804,0.3454545736312866,14.551690347868693,0.6545454263687134,85.4483096521313,1.0,79.76482116609506,26.0,79.12787849093583,371.5020000000001,80.57324840764332,326.1098440689849,8.145516903478688
latent_coreset,365,1836,0.08503754387142515,99.59578637922587,0.3999999761581421,24.265066144047033,0.6000000238418579,75.73493385595297,1.0,79.76482116609506,17.0,28.83390494855463,233.31099999999998,26.923076923076923,902.114958266944,78.13571778539932
latent_coreset,365,1974,0.08394603226504427,99.57128858402744,0.6499999761581421,71.36207741303284,0.3499999940395355,28.637922586967175,0.0,29.76482116609505,28.0,84.87261146496814,373.45200000000017,80.98971092601666,545.0243403820879,38.841254287114154
latent_coreset,365,1771,0.08366088992070175,99.54679078882901,0.2916666865348816,6.2591866731994115,0.7083333134651184,93.74081332680059,1.0,79.76482116609506,18.0,36.17099461048506,249.266,34.44390004899559,300.18665381100124,5.377266046055855
latent_coreset,365,1827,0.07820122165964905,99.35080842724155,0.27906978130340576,4.703576678098971,0.7209302186965942,95.29642332190103,0.0,29.76482116609505,15.0,17.136207741303284,202.297,13.584027437530622,835.1853130388424,72.2562469377756
latent_coreset,365,504,0.0769414990956182,99.32631063204312,0.2115384340286255,0.34296913277804997,0.7884615659713745,99.65703086722195,1.0,79.76482116609506,45.0,99.8530132288094,632.5760000000001,99.70602645761882,1799.6962117747107,99.71827535521804
latent_coreset,365,3624,0.07687966217718378,99.30181283684469,0.32499998807907104,11.170994610485057,0.675000011920929,88.82900538951495,1.0,79.76482116609506,14.0,12.212150906418422,200.27799999999996,12.481626653601175,415.9246508059806,19.97795198432141
latent_coreset,365,3983,0.07658399081349554,99.27731504164625,0.32258063554763794,10.717785399314062,0.6774193644523621,89.28221460068593,1.0,79.76482116609506,26.0,79.12787849093583,350.41800000000006,75.85742283194512,329.4128383955865,8.537481626653602
latent_coreset,365,4504,0.0762982357779255,99.20382165605095,0.4047619104385376,25.330720235178834,0.5952380895614624,74.66927976482116,1.0,79.76482116609506,22.0,62.077413032827046,301.31100000000004,59.02743753062224,654.4789253796833,53.1969622733954
latent_coreset,365,3643,0.07621384363283834,99.17932386085252,0.238095223903656,0.9921607055365017,0.761904776096344,99.0078392944635,1.0,79.76482116609506,32.0,92.29544341009309,436.5830000000002,90.38461538461539,469.2060606366557,27.27829495345419
latent_coreset,365,12,0.07584940281925057,99.15482606565409,0.52173912525177,48.34639882410583,0.47826087474823,51.65360117589417,1.0,79.76482116609506,34.0,95.70063694267516,500.5520000000001,96.66829985301322,736.6079291914244,63.21656050955414
latent_coreset,365,4612,0.07464577715643617,99.13032827045566,0.6730769276618958,74.90200881920627,0.32692307233810425,25.097991180793727,0.0,29.76482116609505,32.0,92.29544341009309,427.5190000000002,89.58843704066634,393.8223863213567,17.43018128368447
latent_coreset,365,4578,0.07432693806892654,99.10583047525722,0.25,1.6291033806957373,0.75,98.37089661930426,1.0,79.76482116609506,23.0,67.08721215090641,310.35300000000007,62.6531112199902,369.69431898446436,14.318961293483587
latent_coreset,365,159,0.07365094325425381,99.0813326800588,0.3692307472229004,18.875551200391964,0.6307692527770996,81.12444879960805,1.0,79.76482116609506,24.0,71.19059284664381,342.48300000000006,73.3219010289074,320.8670896802307,7.38608525232729
latent_coreset,365,88,0.07363029260167986,99.05683488486036,0.3484848737716675,15.249877511024007,0.6515151262283325,84.75012248897599,1.0,79.76482116609506,24.0,71.19059284664381,403.3890000000002,85.98726114649682,317.6853417233384,7.092111709946105
latent_coreset,365,2505,0.07354109587705648,99.03233708966192,0.4791666865348816,39.30671239588437,0.5208333134651184,60.69328760411563,1.0,79.76482116609506,22.0,62.077413032827046,298.382,57.618814306712395,799.2504503122774,68.9735423811857
latent_coreset,365,4285,0.07350589923624518,98.98334149926507,0.7058823108673096,80.59774620284175,0.29411765933036804,19.402253797158256,0.0,29.76482116609505,18.0,36.17099461048506,244.29000000000002,32.31259186673199,736.4408745051783,63.16756491915727
latent_coreset,365,2623,0.07209675266146232,98.95884370406664,0.30000001192092896,7.38608525232729,0.699999988079071,92.61391474767271,1.0,79.76482116609506,22.0,62.077413032827046,331.824,69.86771190592846,657.4197853495767,53.71141597256247
latent_coreset,365,4023,0.0715037358928512,98.88535031847134,0.27272725105285645,3.809407153356198,0.7272727489471436,96.19059284664381,1.0,79.76482116609506,22.0,62.077413032827046,298.43,57.729054385105336,718.4736027455452,61.06075453209211
latent_coreset,365,1248,0.07142708214101523,98.8608525232729,0.5319148898124695,50.22048015678588,0.4680851101875305,49.77951984321411,0.0,29.76482116609505,19.0,43.29985301322881,257.377,39.24546790788829,307.6619093013601,6.283684468397845
latent_coreset,365,4766,0.07127672389746809,98.83635472807447,0.4117646813392639,26.923076923076923,0.5882353186607361,73.07692307692307,0.0,29.76482116609505,18.0,36.17099461048506,240.346,30.279274865262128,519.8961031198055,35.38706516413523
latent_coreset,365,1723,0.07112887777787169,98.76286134247918,0.39534884691238403,23.432141107300342,0.604651153087616,76.56785889269966,0.0,29.76482116609505,14.0,12.212150906418422,188.27,8.57422831945125,207.4249744284255,1.1391474767270946
latent_coreset,365,2263,0.07051436496991081,98.71386575208231,0.7222222089767456,82.83929446349828,0.2777777910232544,17.160705536501712,0.0,29.76482116609505,22.0,62.077413032827046,323.41400000000004,67.36893679568838,341.81222361335864,10.35031847133758
latent_coreset,365,1845,0.06854114445607284,98.46888780009799,0.7727272510528564,90.97256246937776,0.22727273404598236,9.027437530622244,1.0,79.76482116609506,25.0,75.26947574718275,336.30300000000005,71.46006859382655,536.0752702151664,37.64086232239098
latent_coreset,365,3986,0.06810630823386032,98.44439000489956,0.6000000238418579,62.481626653601175,0.4000000059604645,37.518373346398825,0.0,29.76482116609505,18.0,36.17099461048506,238.33400000000003,29.1891229789319,323.44332437690053,7.827045565899068
latent_coreset,365,1640,0.06686278712986382,98.29740323370896,0.4722222089767456,37.86134247917688,0.5277777910232544,62.13865752082312,0.0,29.76482116609505,13.0,7.508574228319451,179.26299999999998,6.467417932386085,230.2411532462146,1.727094561489466
latent_coreset,397,1733,0.08267238036307478,99.98765432098764,0.24242424964904785,1.0123456790123457,0.7575757503509521,98.98765432098764,1.0,80.39506172839506,11.0,1.950617283950617,160.213,2.0987654320987654,318.0934911875758,7.493827160493827
latent_coreset,397,278,0.07020136601427973,99.93827160493827,0.3999999761581421,22.320987654320987,0.6000000238418579,77.67901234567901,0.0,30.395061728395063,14.0,12.25925925925926,213.25799999999998,18.19753086419753,337.25294325971385,9.592592592592593
latent_coreset,397,4610,0.06955598702211596,99.91358024691358,0.48000001907348633,37.308641975308646,0.5199999809265137,62.691358024691354,0.0,30.395061728395063,21.0,56.49382716049382,299.29599999999994,57.97530864197531,504.5469513023957,32.382716049382715
latent_coreset,397,4520,0.06932937486867419,99.8888888888889,0.529411792755127,47.617283950617285,0.47058823704719543,52.382716049382715,0.0,30.395061728395063,22.0,62.18518518518519,300.39799999999997,58.64197530864198,401.7701477741007,17.51851851851852
latent_coreset,397,1909,0.06510950105330959,99.8395061728395,0.5925925970077515,59.18518518518518,0.40740740299224854,40.81481481481482,0.0,30.395061728395063,12.0,4.074074074074074,164.248,2.8765432098765435,348.4175804205909,10.827160493827162
latent_coreset,397,1536,0.06505537778640136,99.81481481481481,0.30645161867141724,7.530864197530865,0.6935483813285828,92.46913580246914,1.0,80.39506172839506,26.0,79.1604938271605,354.446,77.41975308641975,736.2384022445767,64.28395061728395
latent_coreset,397,2955,0.06481771533041902,99.79012345679013,0.192307710647583,0.16049382716049382,0.807692289352417,99.8395061728395,1.0,80.39506172839506,12.0,4.074074074074074,179.14099999999996,6.382716049382715,581.7791011783571,44.358024691358025
latent_coreset,397,741,0.06467741863013465,99.76543209876543,0.3461538553237915,13.39506172839506,0.6538461446762085,86.60493827160494,0.0,30.395061728395063,20.0,50.07407407407407,294.46,56.53086419753086,248.6336656396154,2.185185185185185
latent_coreset,397,1523,0.06368258428495588,99.71604938271605,0.2666666507720947,2.6543209876543212,0.7333333492279053,97.34567901234567,1.0,80.39506172839506,17.0,28.938271604938272,234.339,27.49382716049383,579.0089366188804,43.91358024691358
latent_coreset,397,3259,0.0634061504141602,99.69135802469135,0.4117646813392639,24.82716049382716,0.5882353186607361,75.17283950617283,0.0,30.395061728395063,20.0,50.07407407407407,275.26000000000005,47.160493827160494,464.3122988830161,26.654320987654323
latent_coreset,397,3770,0.06225019472014337,99.66666666666667,0.6666666269302368,72.4320987654321,0.3333333432674408,27.5679012345679,0.0,30.395061728395063,41.0,99.55555555555556,547.7390000000003,98.34567901234567,0.0,0.09876543209876544
latent_coreset,397,4369,0.06019711576179754,99.59259259259258,0.75,86.32098765432099,0.25,13.679012345679013,0.0,30.395061728395063,16.0,22.654320987654323,235.71400000000003,28.000000000000004,291.389542307858,4.777777777777778
latent_coreset,397,2442,0.060148806600379134,99.5679012345679,0.4651162624359131,34.50617283950617,0.5348837375640869,65.49382716049382,0.0,30.395061728395063,15.0,17.185185185185183,204.26899999999995,14.25925925925926,377.9512797444983,14.135802469135802
latent_coreset,397,3535,0.05933842939691003,99.54320987654322,0.5441176891326904,50.28395061728395,0.45588234066963196,49.71604938271605,1.0,80.39506172839506,32.0,92.35802469135803,477.4750000000002,94.9753086419753,815.4903727419083,72.01234567901234
latent_coreset,397,1795,0.05915909719876533,99.51851851851852,0.5616438388824463,53.148148148148145,0.4383561611175537,46.85185185185185,0.0,30.395061728395063,33.0,94.37037037037037,498.6510000000002,96.65432098765432,562.345512737224,41.46913580246914
latent_coreset,397,1846,0.059143228455835195,99.49382716049384,0.5531914830207825,51.456790123456784,0.44680851697921753,48.54320987654321,0.0,30.395061728395063,18.0,36.25925925925926,247.338,33.925925925925924,280.4520325940283,4.037037037037037
latent_coreset,397,1112,0.05779780323808548,99.32098765432099,0.625,65.19753086419753,0.375,34.80246913580247,0.0,30.395061728395063,26.0,79.1604938271605,362.1910000000002,78.8641975308642,617.7276859637296,50.03703703703704
latent_coreset,397,1566,0.058968845562597516,99.46913580246914,0.5714285373687744,55.28395061728395,0.4285714328289032,44.71604938271605,1.0,80.39506172839506,17.0,28.938271604938272,251.35099999999997,35.382716049382715,559.7108583618158,41.04938271604938
latent_coreset,397,4847,0.05745265584057435,99.27160493827161,0.6818181872367859,74.71604938271605,0.3181818127632141,25.283950617283953,1.0,80.39506172839506,17.0,28.938271604938272,249.74099999999999,34.80246913580247,426.75281759838487,21.37037037037037
latent_coreset,397,3010,0.056910902891506576,99.22222222222223,0.40740740299224854,23.88888888888889,0.5925925970077515,76.11111111111111,0.0,30.395061728395063,22.0,62.18518518518519,304.3420000000001,60.40740740740741,402.0746067925,17.617283950617285
latent_coreset,397,4300,0.056815670186558864,99.19753086419753,0.5111111402511597,43.97530864197531,0.4888888895511627,56.02469135802469,0.0,30.395061728395063,15.0,17.185185185185183,205.301,14.543209876543209,321.038084628361,7.864197530864198
latent_coreset,397,2958,0.055565777439906094,99.12345679012346,0.6666666269302368,72.4320987654321,0.3333333432674408,27.5679012345679,1.0,80.39506172839506,27.0,82.39506172839506,371.40800000000013,80.45679012345678,747.4123863940122,65.37037037037037
latent_coreset,397,2260,0.055497487153660874,99.09876543209877,0.5090909004211426,43.358024691358025,0.4909090995788574,56.64197530864198,0.0,30.395061728395063,35.0,96.65432098765432,465.5490000000001,94.0246913580247,483.89955892259803,29.49382716049383
latent_coreset,397,1217,0.05357500585582098,98.85185185185185,0.4893617033958435,39.55555555555556,0.5106382966041565,60.44444444444444,1.0,80.39506172839506,17.0,28.938271604938272,228.247,25.08641975308642,752.5379062191888,66.1604938271605
latent_coreset,397,4351,0.05328759166222574,98.82716049382717,0.560606062412262,52.75308641975308,0.43939393758773804,47.24691358024691,0.0,30.395061728395063,33.0,94.37037037037037,454.5230000000003,92.8395061728395,503.7882537904261,32.135802469135804
latent_coreset,397,2491,0.053112638449657634,98.77777777777777,0.3518518805503845,14.641975308641975,0.6481481194496155,85.35802469135803,1.0,80.39506172839506,24.0,71.25925925925925,337.4440000000001,72.29629629629629,593.4189132830326,45.96296296296296
latent_coreset,397,1816,0.05298372666694007,98.67901234567901,0.5740740299224854,55.901234567901234,0.42592594027519226,44.098765432098766,0.0,30.395061728395063,26.0,79.1604938271605,348.4460000000001,75.58024691358025,653.2032681801736,54.53086419753086
latent_coreset,397,3545,0.05792403101396193,99.34567901234568,0.37254899740219116,17.938271604938272,0.6274510025978088,82.06172839506173,0.0,30.395061728395063,18.0,36.25925925925926,244.29,32.2716049382716,496.89858410040233,31.296296296296294
latent_coreset,397,1885,0.05382406033215592,98.90123456790123,0.5454545021057129,50.40740740740741,0.4545454680919647,49.592592592592595,0.0,30.395061728395063,17.0,28.938271604938272,235.239,27.753086419753085,463.08765663892854,26.45679012345679
latent_coreset,397,3839,0.05171085280845411,98.53086419753086,0.5227272510528564,46.382716049382715,0.47727271914482117,53.61728395061729,1.0,80.39506172839506,21.0,56.49382716049382,278.39900000000006,49.382716049382715,340.77865246616267,10.037037037037038
latent_coreset,397,4795,0.05107952227783086,98.4320987654321,0.2549019455909729,1.7777777777777777,0.7450980544090271,98.22222222222223,1.0,80.39506172839506,16.0,22.654320987654323,214.352,18.839506172839506,200.25897853029258,0.7283950617283951
latent_coreset,397,814,0.0510360682964649,98.4074074074074,0.47826087474823,36.925925925925924,0.52173912525177,63.07407407407407,1.0,80.39506172839506,30.0,88.88888888888889,408.4920000000001,86.61728395061729,472.34554220636124,27.740740740740737
morgan_coreset,333,3295,0.009186039254509115,26.62858531842489,0.15789473056793213,0.012153621779290228,0.8421052694320679,99.98784637822071,1.0,79.42391832766165,18.0,36.193485658726296,255.224,37.77345649003403,661.0684221349163,83.21584832280018
morgan_coreset,333,2419,0.08542809839831011,99.18570734078756,0.1805555820465088,0.10938259601361207,0.8194444179534912,99.8906174039864,1.0,79.42391832766165,19.0,43.2912007778318,330.17800000000017,68.98395721925134,441.0172068130313,53.05055906660184
morgan_coreset,333,1221,0.04517047138802721,87.00777831793874,0.18965518474578857,0.18230432668935342,0.8103448152542114,99.81769567331065,1.0,79.42391832766165,14.0,12.20223626640739,187.24199999999993,7.912007778317939,562.8818724673716,72.54496840058337
morgan_coreset,333,2955,0.05697106032934207,94.22702965483715,0.192307710647583,0.2066115702479339,0.807692289352417,99.79338842975206,1.0,79.42391832766165,12.0,4.071463296062226,179.14099999999996,6.35634419056879,289.467951080682,22.739426349052017
morgan_coreset,333,3985,0.034416301254225234,76.09382596013612,0.2063491940498352,0.2916869227029655,0.7936508059501648,99.70831307729703,1.0,79.42391832766165,15.0,17.11229946524064,209.28899999999996,16.37092853670394,511.0922700339466,65.49586776859503
morgan_coreset,333,4194,0.050047885611102294,90.41079241614001,0.2063491940498352,0.2916869227029655,0.7936508059501648,99.70831307729703,1.0,79.42391832766165,22.0,61.95916383082158,309.3309999999999,61.98347107438017,300.56035689832856,25.170150704910064
morgan_coreset,333,504,0.027090006890582163,65.27710257656781,0.2115384340286255,0.3889158969372873,0.7884615659713745,99.61108410306271,1.0,79.42391832766165,45.0,99.85415653864852,632.5760000000001,99.70831307729703,467.0206247933634,57.74185707340788
morgan_coreset,333,343,0.004489947981290321,15.009722897423433,0.21212118864059448,0.44968400583373846,0.7878788113594055,99.55031599416625,1.0,79.42391832766165,30.0,88.79436071949442,503.2900000000002,96.82790471560526,912.0242241864848,95.61254253767622
morgan_coreset,333,3012,0.022503984423907553,57.13417598444337,0.21212118864059448,0.44968400583373846,0.7878788113594055,99.55031599416625,1.0,79.42391832766165,35.0,96.58483228001946,450.58500000000015,92.24598930481284,299.69220131726945,24.902771025765677
morgan_coreset,333,1270,0.07670161311751067,98.33495381623723,0.2142857313156128,0.5104521147301896,0.7857142686843872,99.48954788526981,1.0,79.42391832766165,26.0,79.01069518716578,394.6300000000001,84.40690325717064,307.28903300481466,26.65289256198347
morgan_coreset,333,3105,0.08297394401699265,98.84540593096743,0.21739131212234497,0.5955274671852212,0.782608687877655,99.40447253281478,1.0,79.42391832766165,26.0,79.01069518716578,371.40800000000013,80.32328633932913,459.53801423472623,56.52649489547885
morgan_coreset,333,3329,0.03832881769170027,80.37190082644628,0.2200000286102295,0.6441419543023821,0.7799999713897705,99.35585804569762,1.0,79.42391832766165,19.0,43.2912007778318,279.25199999999995,49.2586290714633,986.662468722582,97.16820612542537
morgan_coreset,333,627,0.021198264195340544,54.67914438502673,0.22448980808258057,0.6927564414195431,0.7755101919174194,99.30724355858047,1.0,79.42391832766165,16.0,22.593582887700535,231.32,26.446280991735538,284.63291726100135,21.402527953330093
morgan_coreset,333,2308,0.08497225711584477,99.11278561011181,0.22857141494750977,0.7292173067574137,0.7714285850524902,99.27078269324258,0.0,29.423918327661642,9.0,0.19445794846864364,148.58900000000003,0.9722897423432183,199.20833775831193,5.3597472046669905
morgan_coreset,333,1877,0.012226956524724497,34.115216334467675,0.22950822114944458,0.7656781720952844,0.7704917788505554,99.23432182790471,1.0,79.42391832766165,22.0,61.95916383082158,308.255,61.655323286339325,812.7586724747283,92.59844433641226
morgan_coreset,333,2169,0.029909374705101133,69.67671366067087,0.23076921701431274,0.8507535245503159,0.7692307829856873,99.14924647544969,1.0,79.42391832766165,40.0,99.1370928536704,568.5460000000003,99.05201750121536,599.5850148416305,77.3578026251823
morgan_coreset,333,2322,0.02176613973155228,55.87019931939719,0.23076921701431274,0.8507535245503159,0.7692307829856873,99.14924647544969,1.0,79.42391832766165,24.0,71.0379192999514,310.4,62.688381137579,393.3896295806226,44.1541079241614
morgan_coreset,333,4823,0.044266498453346514,86.15702479338843,0.23076921701431274,0.8507535245503159,0.7692307829856873,99.14924647544969,1.0,79.42391832766165,22.0,61.95916383082158,334.2460000000001,70.770539620807,413.01059191522523,48.14049586776859
morgan_coreset,333,234,0.08161549779131672,98.65094798249878,0.23404252529144287,0.9358288770053476,0.7659574747085571,99.06417112299465,1.0,79.42391832766165,14.0,12.20223626640739,190.24599999999998,9.309674282936314,223.28625969849455,8.592610597958192
morgan_coreset,333,2184,0.03304430027148253,74.34370442391834,0.23529410362243652,0.960136120563928,0.7647058963775635,99.03986387943607,1.0,79.42391832766165,41.0,99.51385512882838,562.5580000000002,98.91832766164316,763.5081845755906,90.14341273699561
morgan_coreset,333,856,0.02338488859490606,58.81137578998542,0.2361111044883728,0.9844433641225084,0.7638888955116272,99.01555663587749,1.0,79.42391832766165,30.0,88.79436071949442,414.5700000000001,87.49392318911036,539.1435534586611,69.2877977637336
morgan_coreset,333,3041,0.009089887949001674,26.263976665046187,0.23636364936828613,1.0209042294603792,0.7636363506317139,98.97909577053962,1.0,79.42391832766165,16.0,22.593582887700535,215.252,18.95964997569276,554.6486761895703,71.42683519688867
morgan_coreset,333,2549,0.0497226945906154,90.19202722411278,0.23728811740875244,1.06951871657754,0.7627118825912476,98.93048128342245,1.0,79.42391832766165,26.0,79.01069518716578,339.394,72.41127856101119,685.4727866713977,85.3305785123967
morgan_coreset,333,3643,0.06550310993467856,96.56052503646086,0.238095223903656,1.1059795819154108,0.761904776096344,98.8940204180846,1.0,79.42391832766165,32.0,92.23383568303355,436.5830000000002,90.33787068546427,369.96395116161983,39.851725814292664
morgan_coreset,333,1121,0.039931250019430764,82.12202236266407,0.24000000953674316,1.1789013125911523,0.7599999904632568,98.82109868740885,1.0,79.42391832766165,21.0,56.29557608167234,291.272,54.55760816723384,362.68750733356694,38.41759844433641
morgan_coreset,333,4788,0.029711965719369293,69.33641225085076,0.24074071645736694,1.2518230432668935,0.7592592835426331,98.7481769567331,1.0,79.42391832766165,13.0,7.523091881380652,180.178,6.599416626154595,536.7329900097022,68.8988818667963
morgan_coreset,333,1733,0.056649792513127184,93.95964997569276,0.24242424964904785,1.4219737481769568,0.7575757503509521,98.57802625182305,1.0,79.42391832766165,11.0,1.9688867282450169,160.213,2.1147301895964996,188.15897615382002,3.901312591152163
morgan_coreset,333,955,0.021886230707518717,56.11327175498298,0.24324321746826172,1.494895478852698,0.7567567825317383,98.5051045211473,0.0,29.423918327661642,16.0,22.593582887700535,213.28000000000003,18.327661643169666,444.8761304247613,53.779776373359255
morgan_coreset,333,2875,0.01712831736395304,45.97715119105493,0.2448979616165161,1.6042780748663104,0.7551020383834839,98.3957219251337,1.0,79.42391832766165,19.0,43.2912007778318,248.369,34.346135148274186,163.79968208583958,1.59212445308702
morgan_coreset,333,858,0.02771595783225944,66.20077783179387,0.24528300762176514,1.6407389402041808,0.7547169923782349,98.35926105979583,1.0,79.42391832766165,26.0,79.01069518716578,378.302,81.62372386971317,317.1782802489827,28.719008264462808
morgan_coreset,333,111,0.012468463868068436,34.50413223140496,0.2461538314819336,1.7258142926592124,0.7538461685180664,98.27418570734079,1.0,79.42391832766165,26.0,79.01069518716578,361.407,78.46378220709771,316.76683198243296,28.62177929022849
morgan_coreset,333,100,0.028688384540115908,67.80505590666019,0.25,1.8959649975692758,0.75,98.10403500243072,1.0,79.42391832766165,31.0,90.39863879436072,436.8950000000001,90.39863879436072,422.99772678951234,49.720466699076326
morgan_coreset,365,807,0.04378123681090307,92.7609015188633,0.25,0.03674669279764821,0.75,99.96325330720235,1.0,80.5609995100441,22.0,62.0406663400294,312.43799999999993,63.449289563939246,787.7172061900761,55.74473297403234
morgan_coreset,365,4126,0.03680078878594817,88.44928956393925,0.25,0.03674669279764821,0.75,99.96325330720235,1.0,80.5609995100441,9.0,0.18373346398824106,128.215,0.11024007839294464,508.3175076007314,21.251837334639884
morgan_coreset,365,3850,0.002226399523495126,11.673199412052915,0.25333333015441895,0.08574228319451249,0.746666669845581,99.9142577168055,1.0,80.5609995100441,24.0,71.14159725624694,344.57100000000014,74.22831945124939,1204.357585313245,85.11758941695248
morgan_coreset,365,1328,0.011268771117827314,39.79666829985301,0.253731369972229,0.11024007839294464,0.746268630027771,99.88975992160705,1.0,80.5609995100441,32.0,92.28319451249388,424.5880000000002,89.29446349828515,572.7273628311584,29.997550220480157
morgan_coreset,365,2312,0.01630669891362202,54.274865262126404,0.2539682388305664,0.15923566878980894,0.7460317611694336,99.84076433121018,1.0,80.5609995100441,21.0,56.38167564919158,273.379,46.79078882900539,469.93888967004983,16.033806957373837
morgan_coreset,365,2536,0.07697377959075691,99.4732974032337,0.2539682388305664,0.15923566878980894,0.7460317611694336,99.84076433121018,1.0,80.5609995100441,23.0,67.02596766291033,345.807,74.75502204801568,551.7693472656641,26.959823615874573
morgan_coreset,365,4795,0.024252722131475224,72.01126898579128,0.2549019455909729,0.22048015678588928,0.7450980544090271,99.77951984321412,1.0,80.5609995100441,16.0,22.562469377756003,214.352,18.76531112199902,355.40167282344004,3.9073983341499265
morgan_coreset,365,1962,0.02036782630717171,64.0984811366977,0.25581395626068115,0.2694757471827536,0.7441860437393188,99.73052425281725,1.0,80.5609995100441,16.0,22.562469377756003,220.26800000000003,21.14159725624694,957.662177838875,69.5859872611465
morgan_coreset,365,533,0.004528236802790908,19.5124938755512,0.25641024112701416,0.3062224399804018,0.7435897588729858,99.6937775600196,0.0,30.560999510044095,16.0,22.562469377756003,221.34399999999994,21.558059774620283,375.0893295609137,5.4017638412542865
morgan_coreset,365,3179,0.027003494945557316,77.03331700146987,0.25757575035095215,0.34296913277804997,0.7424242496490479,99.65703086722195,1.0,80.5609995100441,34.0,95.7251347378736,613.2930000000001,99.57128858402744,799.3164559924744,56.82263596276334
morgan_coreset,365,2142,0.047306920607326663,94.30426261636453,0.25806450843811035,0.37971582557569816,0.7419354915618896,99.6202841744243,1.0,80.5609995100441,16.0,22.562469377756003,218.34399999999997,20.23517883390495,483.4150249462236,17.82214600685938
morgan_coreset,365,2031,0.012754953074699094,43.54483096521313,0.2586206793785095,0.4042136207741303,0.7413793206214905,99.59578637922587,1.0,80.5609995100441,24.0,71.14159725624694,333.3400000000001,70.54140127388536,1693.9740857947709,97.21950024497795
morgan_coreset,365,2868,0.03253254936769412,84.26016658500734,0.26153844594955444,0.4899559039686428,0.7384615540504456,99.51004409603136,1.0,80.5609995100441,24.0,71.14159725624694,385.2610000000001,82.94953454189124,519.3987756451141,22.2562469377756
morgan_coreset,365,154,0.03030755883287206,81.83488486036256,0.26229506731033325,0.5512003919647231,0.7377049326896667,99.44879960803527,1.0,80.5609995100441,32.0,92.28319451249388,439.58000000000015,90.89906908378246,785.4961715385191,55.499755022048014
morgan_coreset,365,1382,0.04203607730505854,91.87898089171973,0.2631579041481018,0.6001959823615874,0.7368420958518982,99.39980401763842,0.0,30.560999510044095,17.0,28.87065164135228,270.159,45.06369426751593,649.796937115796,39.42920137187653
morgan_coreset,365,2842,0.02044611111445982,64.19647231749143,0.2631579041481018,0.6001959823615874,0.7368420958518982,99.39980401763842,1.0,80.5609995100441,24.0,71.14159725624694,336.39699999999993,71.53356197942186,449.61451738669024,13.020578147966683
morgan_coreset,365,1068,0.021561938473865006,66.4747672709456,0.26530611515045166,0.6614404703576677,0.7346938848495483,99.33855952964234,1.0,80.5609995100441,21.0,56.38167564919158,291.272,54.654581087702105,691.1902698682572,45.308672219500245
morgan_coreset,365,3869,0.033485648652797906,85.33806957373837,0.26530611515045166,0.6614404703576677,0.7346938848495483,99.33855952964234,1.0,80.5609995100441,18.0,36.21999020088192,252.285,35.60754532092112,886.714803750119,64.34345908868202
morgan_coreset,365,516,0.020315707896398916,63.9514943655071,0.2666666507720947,0.7471827535521803,0.7333333492279053,99.25281724644782,1.0,80.5609995100441,17.0,28.87065164135228,227.30699999999996,24.804017638412542,953.8998337136189,69.36550710436062
morgan_coreset,365,1468,0.030982416562697623,82.74130328270456,0.2666666507720947,0.7471827535521803,0.7333333492279053,99.25281724644782,0.0,30.560999510044095,21.0,56.38167564919158,286.346,51.837334639882414,1109.4459635098171,80.2670259676629
morgan_coreset,365,1523,0.050329841660480046,95.40666340029398,0.2666666507720947,0.7471827535521803,0.7333333492279053,99.25281724644782,1.0,80.5609995100441,17.0,28.87065164135228,234.339,27.449779519843215,478.2209071473793,17.258696717295443
morgan_coreset,365,1671,0.041499519163085474,91.34002939735424,0.2666666507720947,0.7471827535521803,0.7333333492279053,99.25281724644782,1.0,80.5609995100441,19.0,43.32435080842724,257.3329999999999,39.073983341499265,946.9291579671865,68.92454679078884
morgan_coreset,365,1089,0.026389996150202433,76.07790298873101,0.2682926654815674,0.9064184223419891,0.7317073345184326,99.09358157765801,0.0,30.560999510044095,22.0,62.0406663400294,309.331,62.13865752082312,992.2080317970739,71.76629103380697
morgan_coreset,365,2533,0.010383714784917952,37.17540421362077,0.26923078298568726,0.9554140127388535,0.7307692170143127,99.04458598726114,0.0,30.560999510044095,17.0,28.87065164135228,253.26399999999992,36.67319941205292,373.5314426132094,5.254777070063694
morgan_coreset,365,642,0.021139613667501833,65.56834884860363,0.2698412537574768,1.02890739833415,0.7301587462425232,98.97109260166586,0.0,30.560999510044095,26.0,79.10338069573739,383.3850000000001,82.70455658990691,686.9503533604735,44.500244977951986
morgan_coreset,365,890,0.02907903595534811,80.04654581087702,0.2708333134651184,1.1024007839294463,0.7291666865348816,98.89759921607055,1.0,80.5609995100441,16.0,22.562469377756003,217.31199999999993,19.769720725134736,1015.4130403886728,73.84860362567369
morgan_coreset,365,33,0.031923160904997805,83.74571288584028,0.2682926654815674,0.9064184223419891,0.7317073345184326,99.09358157765801,0.0,30.560999510044095,14.0,12.175404213620775,187.28599999999997,8.01077902988731,236.5420825015813,0.23272905438510533
morgan_coreset,365,1818,0.01887211729082261,60.79127878490935,0.27272725105285645,1.2493875551200393,0.7272727489471436,98.75061244487996,1.0,80.5609995100441,26.0,79.10338069573739,386.27800000000013,83.10877021068104,1414.3714357112904,92.46692797648211
morgan_coreset,365,1827,0.029756068724398288,81.1734443900049,0.27272725105285645,1.2493875551200393,0.7272727489471436,98.75061244487996,0.0,30.560999510044095,15.0,17.08721215090642,202.297,13.535031847133757,505.01561728035057,20.835374816266537
morgan_coreset,365,3689,0.016351441516062937,54.3483586477217,0.27272725105285645,1.2493875551200393,0.7272727489471436,98.75061244487996,1.0,80.5609995100441,9.0,0.18373346398824106,132.15900000000002,0.2449779519843214,822.9676104353368,58.85595296423322
morgan_coreset,365,4023,0.0618162221550731,98.05242528172464,0.27272725105285645,1.2493875551200393,0.7272727489471436,98.75061244487996,1.0,80.5609995100441,22.0,62.0406663400294,298.43,57.729054385105336,579.593682567164,31.026457618814305
morgan_coreset,365,1490,0.029137556630520756,80.16903478686919,0.27419352531433105,1.3718765311121999,0.725806474685669,98.6281234688878,1.0,80.5609995100441,19.0,43.32435080842724,259.393,40.592846643802055,528.8379155811493,23.579127878490937
morgan_coreset,397,2725,0.01910873901342547,42.08641975308642,0.27419352531433105,0.01234567901234568,0.725806474685669,99.98765432098764,0.0,31.382716049382715,17.0,28.827160493827158,294.19200000000006,55.95061728395062,1442.298277841464,97.22222222222221
morgan_coreset,397,609,0.017319290402774357,38.7037037037037,0.2745097875595093,0.037037037037037035,0.7254902124404907,99.96296296296296,1.0,81.38271604938272,16.0,22.580246913580247,230.292,25.851851851851855,624.2393757199247,54.28395061728395
morgan_coreset,397,4405,0.0406765160689293,78.70370370370371,0.2753623127937317,0.06172839506172839,0.7246376872062683,99.93827160493827,1.0,81.38271604938272,24.0,71.08641975308642,369.20400000000006,79.96296296296296,419.03876097405464,24.432098765432098
morgan_coreset,397,1697,0.02936163022417637,60.333333333333336,0.27586209774017334,0.09876543209876544,0.7241379022598267,99.90123456790123,1.0,81.38271604938272,30.0,88.8641975308642,414.48500000000007,87.50617283950616,508.1052198446166,37.5679012345679
morgan_coreset,397,1820,0.047677377434858004,86.35802469135803,0.27586209774017334,0.09876543209876544,0.7241379022598267,99.90123456790123,1.0,81.38271604938272,38.0,98.1604938271605,596.5870000000002,99.44444444444444,927.242280585153,81.46913580246914
morgan_coreset,397,4163,0.035238663290426464,70.35802469135803,0.2765957713127136,0.13580246913580246,0.7234042286872864,99.8641975308642,1.0,81.38271604938272,13.0,7.506172839506172,196.63299999999998,11.432098765432098,407.69596592348415,22.580246913580247
morgan_coreset,397,2287,0.08301227044989756,99.14814814814815,0.2777777910232544,0.17283950617283952,0.7222222089767456,99.82716049382717,1.0,81.38271604938272,24.0,71.08641975308642,339.4600000000001,72.5679012345679,475.58934364272005,33.44444444444444
morgan_coreset,397,3723,0.03580337307526826,71.29629629629629,0.2777777910232544,0.17283950617283952,0.7222222089767456,99.82716049382717,1.0,81.38271604938272,19.0,43.29629629629629,248.329,34.333333333333336,554.2081261874815,44.358024691358025
morgan_coreset,397,2003,0.0719620817633474,97.46913580246913,0.27868854999542236,0.2345679012345679,0.7213114500045776,99.76543209876543,1.0,81.38271604938272,25.0,75.17283950617283,333.3910000000001,70.66666666666667,673.7527025957809,60.135802469135804
morgan_coreset,397,4939,0.05220778807520643,90.45679012345678,0.27868854999542236,0.2345679012345679,0.7213114500045776,99.76543209876543,1.0,81.38271604938272,22.0,62.02469135802468,295.357,56.5679012345679,1383.3739557732704,96.75308641975309
morgan_coreset,397,649,0.026678875851108397,55.71604938271605,0.27906978130340576,0.2839506172839506,0.7209302186965942,99.71604938271605,1.0,81.38271604938272,14.0,12.209876543209877,190.286,9.45679012345679,1198.1959986021493,93.04938271604938
morgan_coreset,397,4297,0.06101057390135267,94.90123456790124,0.2799999713897705,0.34567901234567905,0.7200000286102295,99.65432098765432,1.0,81.38271604938272,20.0,49.98765432098766,267.372,43.888888888888886,697.9090112859872,62.72839506172839
morgan_coreset,397,127,0.015594486789573425,34.901234567901234,0.28070175647735596,0.43209876543209874,0.719298243522644,99.5679012345679,1.0,81.38271604938272,14.0,12.209876543209877,196.24999999999997,11.308641975308642,261.81225101890647,4.061728395061729
morgan_coreset,397,1430,0.033284505922007046,67.24691358024691,0.2816901206970215,0.4814814814814815,0.7183098793029785,99.51851851851852,1.0,81.38271604938272,26.0,79.03703703703704,366.33900000000006,79.51851851851852,1119.092378849675,90.58024691358024
morgan_coreset,397,1424,0.026962547206877074,56.23456790123457,0.28260868787765503,0.5802469135802469,0.717391312122345,99.41975308641975,0.0,31.382716049382715,17.0,28.827160493827158,258.16099999999994,39.51851851851852,1719.934592687265,99.09876543209877
morgan_coreset,397,2924,0.04010429491586409,78.20987654320987,0.28358209133148193,0.6790123456790124,0.7164179086685181,99.32098765432099,1.0,81.38271604938272,26.0,79.03703703703704,350.458,75.8641975308642,385.59259340217915,19.246913580246915
morgan_coreset,397,969,0.0066500439442505055,16.40740740740741,0.2857142686843872,0.8765432098765432,0.7142857313156128,99.12345679012346,1.0,81.38271604938272,20.0,49.98765432098766,299.17,57.7283950617284,2757.370588970586,99.98765432098764
morgan_coreset,397,2778,0.06578150804253524,96.33333333333334,0.2857142686843872,0.8765432098765432,0.7142857313156128,99.12345679012346,1.0,81.38271604938272,25.0,75.17283950617283,337.331,71.81481481481482,343.0741649477043,12.753086419753087
morgan_coreset,397,3076,0.02012654391754143,43.888888888888886,0.2857142686843872,0.8765432098765432,0.7142857313156128,99.12345679012346,1.0,81.38271604938272,19.0,43.29629629629629,252.313,35.77777777777777,1638.6222284767123,98.75308641975309
morgan_coreset,397,3618,0.04074097097387852,78.82716049382717,0.2857142686843872,0.8765432098765432,0.7142857313156128,99.12345679012346,1.0,81.38271604938272,18.0,36.172839506172835,241.37800000000001,30.864197530864196,435.14401569466804,27.34567901234568
morgan_coreset,397,3893,0.03777233746813258,74.55555555555556,0.2857142686843872,0.8765432098765432,0.7142857313156128,99.12345679012346,1.0,81.38271604938272,15.0,17.135802469135804,204.27299999999997,14.34567901234568,703.207244589264,63.49382716049383
morgan_coreset,397,3292,0.021963575468071594,47.46913580246914,0.2878788113594055,1.074074074074074,0.7121211886405945,98.92592592592592,1.0,81.38271604938272,23.0,67.0,331.79900000000004,69.79012345679013,652.1188841212568,57.98765432098766
morgan_coreset,397,3297,0.01625368079601619,36.48148148148148,0.2881355881690979,1.1604938271604939,0.7118644118309021,98.8395061728395,1.0,81.38271604938272,20.0,49.98765432098766,295.404,56.76543209876543,1380.2422939643047,96.67901234567901
morgan_coreset,397,4911,0.036595776635389377,72.62962962962963,0.2881355881690979,1.1604938271604939,0.7118644118309021,98.8395061728395,1.0,81.38271604938272,20.0,49.98765432098766,262.352,41.901234567901234,857.7229335911424,76.55555555555556
morgan_coreset,397,75,0.00537365894950792,13.592592592592592,0.28985506296157837,1.3333333333333335,0.7101449370384216,98.66666666666667,1.0,81.38271604938272,31.0,90.45679012345678,455.6960000000001,93.01234567901234,957.7254045291534,83.61728395061728
morgan_coreset,397,1076,0.041926940308942506,80.30864197530863,0.28985506296157837,1.3333333333333335,0.7101449370384216,98.66666666666667,1.0,81.38271604938272,27.0,82.28395061728395,395.40200000000004,84.46913580246913,1567.567368550753,98.50617283950616
morgan_coreset,397,2568,0.041847946046713824,80.20987654320987,0.28985506296157837,1.3333333333333335,0.7101449370384216,98.66666666666667,1.0,81.38271604938272,27.0,82.28395061728395,429.39800000000014,89.72839506172839,638.0747659205974,56.111111111111114
morgan_coreset,397,2952,0.04999076389017798,88.87654320987654,0.29032260179519653,1.3950617283950617,0.7096773982048035,98.60493827160494,1.0,81.38271604938272,26.0,79.03703703703704,343.42600000000016,73.5679012345679,1418.4777492960486,97.07407407407408
morgan_coreset,397,2803,0.027832702292700517,57.666666666666664,0.2909091114997864,1.432098765432099,0.7090908885002136,98.5679012345679,1.0,81.38271604938272,25.0,75.17283950617283,350.483,75.95061728395062,503.29566056446595,36.82716049382716
morgan_coreset,397,596,0.042310380958002214,80.95061728395062,0.29113924503326416,1.4814814814814816,0.7088607549667358,98.51851851851852,1.0,81.38271604938272,33.0,94.28395061728395,448.47500000000014,91.82716049382717,891.0915861241922,79.19753086419753
morgan_coreset,397,1770,0.09063619847677262,99.59259259259258,0.2916666865348816,1.5555555555555556,0.7083333134651184,98.44444444444444,1.0,81.38271604938272,18.0,36.172839506172835,249.266,34.46913580246914,302.0755199829254,7.320987654320987
morgan_coreset,397,2427,0.0022459215193162407,5.493827160493827,0.2916666865348816,1.5555555555555556,0.7083333134651184,98.44444444444444,1.0,81.38271604938272,25.0,75.17283950617283,341.45500000000004,73.07407407407408,1072.9825290960355,89.04938271604938
